# Every result of one `yt-dlp ytsearch400:#ESAWinter21`, recorded
# 2026-09-01 for issue #75. This is the whole candidate set the
# event can offer, decoys and other years included - a harder set to
# rank than the six hits a live `ytsearch6:<game> #tag` returns, and
# one that costs no YouTube request to re-run.
video_id,duration,title
RFtXd0TolBE,8268,Crash Bash [Any% (No Memory Manipulation)] by Pie - #ESAWinter21
9sV5o0KfQ4c,4381,Undertale [Genocide] by Drakodan - #ESAWinter21
oeDVHIt-TxA,1351,Katana ZERO [All Stages] by Xerclipse - #ESAWinter21
x-oiURoPz_k,9748,Pokémon Emerald Randomizer [Pokédex Blackout] by 360Chrism and SheNanagans_ - #ESAWinter21
NcDim0pV4ic,7344,Metal Gear Solid: Peace Walker [First Ending (S-Rank)] by Jaguar_King - #ESAWinter21
-43XSRvGAlA,1771,Unearthed: Trail of Ibn Battuta [Any%] by Hibnotix - #ESAWinter21
_0t418brApw,1664,Mega Man: The Wily Wars [Mega Man 1 (Any%)] by TheBlacktastic - #ESAWinter21
S1ZJBZZt0U8,2601,Super Metroid [GT Classic] by kekumanshoyu - #ESAWinter21
rVJbJAxJE-c,587,Baby Shark VR Dancing [Any%] by Kainalo - #ESAWinter21
3-jfwiWbD38,3880,Spyro Reignited Trilogy - Spyro: Year of the Dragon [Any%] by NostTW - #ESAWinter21
u6oCJJfKy7I,1813,Power Rangers: Lightspeed Rescue [Any%] by Proto_Sonic - #ESAWinter21
mbBFpNLZT6E,1539,Blackstar's (Genetically Realistic) Family Tree [CC]
eISEAatkot8,1127,SegaSonic the Hedgehog [Beat The Game] by Hibnotix and STwoLive - #ESAWinter21
T6paFuYeK7U,4939,Halo 3: ODST [Easy] by XeroHR - #ESAWinter21
2ZckF5PXeIk,11522,Fallout 3 [All Quests (w/ DLC) & Bobbleheads] by Jabo - #ESAWinter21
9AhqfdQkYK0,3038,Ghostrunner [Any% (Inbounds)] by 7rayD - #ESAWinter21
clZj3XvouoE,2448,Mega Man Ultra [Any%] by Kuumba_ - #ESAWinter21
w_SrMlIurjA,5469,Darksiders [All Chosen Bosses] by henyK - #ESAWinter21
Igp8lEhfF80,1314,WARP [Any%] by SeductiveSpatula - #ESAWinter21
cuYNnUnU3oA,5662,ESA Winter 21 - Harry Potter 3 PC 100% Speedrun
BemQ5ft_XmI,2021,"Hyper Light Drifter [Any% (NMG, Alt)] by Covert_Muffin - #ESAWinter21"
mdIokyu4jvA,3613,Crash Team Racing [Any% Warpless] by hypnoshark - #ESAWinter21
IqzkoJDaEAA,960,Metroid [Any%] by CHX42 - #ESAWinter21
gz8y5y3EB7k,4036,Sonic 3D Blast [Best Ending] by KingRhodesTN - #ESAWinter21
wkhqiZcxhoc,3063,Wizkid: The Story of Wizball II [Any%] by Robo_Sparkle - #ESAWinter21
VboYxvkz9wU,2361,Furi [Speedrun Mode] by chocbob and SombraCakes - #ESAWinter21
zL-EbzDd4CI,124,ESA Winter 2021 Opening Speech from Edenal
1jlztGKQbSQ,1340,Dizzy: Prince of the Yolkfolk [Any%] by TinyTim78 - #ESAWinter21
kiI1t5vVl9U,3402,Celeste [Any% (Dance Pad)] by PeekingBoo - #ESAWinter21
pKdolxuMTdY,12203,Grand Theft Auto 2 [All Missions] by Tezur0 - #ESAWinter21
5Ke-F6_q7oI,4056,SAW: The Game [Any%] by Juh0rse - #ESAWinter21
K9l8ZF9DOsY,1445,Castlevania: Rondo of Blood [Maria Only] by LattMackey - #ESAWinter21
cwbC-HwZwwI,2811,Super Cable Boy [Any%] by BoneyC - #ESAWinter21
igzIi-zw7Xg,1375,Super Valis IV [Normal (JP)] by Tinnue - #ESAWinter21
JzhXQrjnCLk,4078,Control [Any%] by DemonicRobots - #ESAWinter21
-vzFCPD1IIA,2540,"Deltarune [Any% (NG+, Blindfolded)] by Bubzia - #ESAWinter21"
KbLRC0qeMN4,1757,Rolan's Curse [Any% (Glitchless)] by JkL87 - #ESAWinter21
6Awm0ppy17g,3034,Mirror's Edge [Any% (Inbounds)] by Meteos_Probably and BINGOBONGOS - #ESAWinter21
cLxvxvLrlL8,1932,Touhou 12.8: Great Fairy Wars [A1L Score Attack] by EeroKurkisuo - #ESAWinter21
aaHUhwK3hqI,2584,Mega Man X [100%] by Clipper - #ESAWinter21
GQpc6eBJXWo,759,Taz-Mania [Any%] by Grumpmeister - #ESAWinter21
B6CfzgbPh7g,2941,Pikuniku [Any%] by GreenSnowDog - #ESAWinter21
23dX0RPPO-c,5871,Crash Bandicoot 4: It's About Time [Any%] by Damosk - #ESAWinter21
G3mM1DhyItU,846,Castlevania [Any%] by 2snek - #ESAWinter21
yf7vLTXg84A,3196,Sonic 4: Episode 2 [Beat The Game] by Argick - #ESAWinter21
eXwuWJGu5yU,8895,Grand Theft Auto: Vice City Stories [Any%] by Joshimuz - #ESAWinter21
8I9V7_RHKM4,1998,Bloodstained: Curse of the Moon 2 [Episode 1 (Ultimate)] by TheBlacktastic - #ESAWinter21
v6mZ6XujLN4,1548,Sonic the Hedgehog (1991) [Glitchless] by SuperSonic_ - #ESAWinter21
euu7Sz85mzs,5290,Halo: Reach [Legendary] by Two_EEzy - #ESAWinter21
h14ld_ySar4,2806,Pikmin 3 Deluxe [Any%] by RDVvsTheWorld - #ESAWinter21
MpsRzhuuCSo,1939,Tetris: The Grand Master [Master Mode] by FreyasSpirit - #ESAWinter21
SboRvFiQ36E,1006,Yogho! Yogho! [Any%] by janglestorm - #ESAWinter21
NCvgN4_hW9M,1219,Fallout 3 [Any%] by bananapegasus - #ESAWinter21
3aIaCQaaCCM,616,Closing Speech by Fatzke - #ESAWinter21
xb8wCvg_YyU,3904,Resident Evil 2 (2019) [Claire B] by MattRPD - #ESAWinter21
LCs2iq9xd-s,4313,Grim Fandango: Remastered [Any%] by KonceptioN2 - #ESAWinter21
x-oiURoPz_k,9748,Pokémon Emerald Randomizer [Pokédex Blackout] by 360Chrism and SheNanagans_ - #ESAWinter21
L00WGdwA9HY,381,Dark Castle [Any%] by JkL87 - #ESAWinter21
biQzNID6RLE,6357,"Resident Evil 5 [NG (Amateur, Co-op)] by Gidano and ThatAccountBlaBlaBla - #ESAWinter21"
u0OjaZZQNCQ,3975,Dark Souls II: Scholar of the First Sin [Any%] by Nyk_Style and JeffTheBigLizard - #ESAWinter21
X8OcKqJMmNQ,1577,Squirm [Any%] by Reicha7 - #ESAWinter21
QlqJPMW6r4A,3333,Futurama [Any%] by stylonide - #ESAWinter21
aQNaaGJGCVM,2601,Tomb Raider: Legend [Any% (No Bug Jump)] by Senydro - #ESAWinter21
Ng3pqAuCQZg,1260,Dust: An Elysian Tail [Any% (Warps)] by Murtag - #ESAWinter26
O_dNHa7Vd3Y,2553,"The Messenger [NG+ (No OoB, Linear)] by Grondious - #ESAWinter21"
FJ5NBUl93U0,2248,Teslagrad [36 Scrolls (100%)] by Codejinn - #ESAWinter21
mkrOwcy2q2I,3185,The Legend of Zelda: Link's Awakening DX [No WW/OoB] by NitrozSR - #ESAWinter26
8-nL77Ty-wE,3639,Teenage Mutant Ninja Turtles: Out of the Shadows [NG+ (Co-op)] - #ESAWinter21
eRjyOPwxFOQ,2977,Donkey Kong Country 2: Diddy's Kong Quest [Any%] by Niakky - #ESAWinter21
Ca-nBhpzfbQ,1834,Fallout: New Vegas [Glitchless] by Akarion__ - #ESAWinter21
LsF7tgZDcGU,881,Yazzie [Any%] by RuffledBricks - #ESAWinter21
jQMbfm75Uf4,2358,Super Mario 64 [16 Star (Blindfolded)] by Bubzia - #ESAWinter21
YwGM9OMQEXM,4129,"Unravel Two [Any% (No Major Skips, Co-op)] by ms_rey and ThisGuyAreSick - #ESAWinter21"
H62xSNv2_Nc,3296,The Italian Job [Any%] by Viper - #ESAWinter21
4ks0kz4d7vc,1960,Super Mario 64 [16 Star (Dance Pad)] by PeekingBoo - #ESAWinter21
uSWHwpAU5mI,2508,Harry Potter and the Chamber of Secrets [Any%] by Nixxo - #ESAWinter21
AL18X2CNcjA,3779,Luigi's Mansion [No OoB] by PabloBliep10 - #ESAWinter21
Vcdi5TxYtBM,1585,Krum - Edge of Darkness [Any%] by havrd - #ESAWinter21
12Pz9Oi86MM,17967,[Botimuz] ESA Winter Stories + Unpacking VODs 21/02/2021
v4Of6B8m3SA,2337,Alien: Isolation [Any% (CC Only Nightmare)] by Nikoheart - #ESAWinter21
rRfGIVvFd4k,2136,Dishonored 2 [Any%] by DemonicRobots - #ESAWinter21
k-nRn4vf6PI,4776,Dark Souls Remastered [All Bosses] by catalystz - #ESAWinter21
Tyi18dBgJ9c,15207,Jak 3 [100%] by ThaRixer - #ESAWinter21
KdkqCR4XpZ0,997,Tempest of the Heavens and Earth [Boss Attack] by Naro - #ESAWinter21
XQYpLtXwpks,14462,Skies of Arcadia: Legends (PRE-SHOW) [100%] by Pengyy - Part 3/6 - #ESAWinter21
0Sy3Yu1E52M,2248,Psi-Ops: The Mindgate Conspiracy [Any%] by Kainalo - #ESAWinter21
m9QrgyzHObw,2476,#ESAWinter18 Speedruns - Blossom Tales: The Sleeping King [Any% No Save and Quit] by Wiredwicky
WnH6lNuZfZo,482,Jet Set Willy [WRITETYPER] by RuffledBricks - #ESAWinter21
Ov8olsR7Xys,520,#ESAWinter21 GTA:CW Any% Speedrun
uhJinDtCV00,5243,#ESAWinter19 Speedruns - The Lord of the Rings: The Battle for Middle-earth [Evil] by eidgod
3rwsAvQbmOE,2382,Crash: Mind Over Mutant [Any%] by CDRomatron - #ESAWinter21
E3tbL_iMz8Q,2869,Bowser's Fury Speedrun by Samura1man - #ESAWinter21
WUy1WQaJW1Q,16157,Final Fantasy XV: Royal Edition [Any% (No Ring)] by Kyoslilmonster - #ESAWinter21
J5tz9babC1U,2765,Super Mario All-Stars [Any% (All Four Games)] by BigJon - #ESAWinter21
s-Ovo4qQb20,14347,Pokémon X [Any%] by wartab - #ESAWinter21
ju5sNhw5YgQ,2110,Dark Souls [Any%] by catalystz - #ESAWinter23
Y4Qch-JL6Kw,1431,#ESAWinter19 Speedruns - Tetris Attack [V-Hard] by Wiredwicky
iSU5n7L2VnA,2291,RedCat Haunted Castle [Any%] by epicdudeguy - #ESAWinter23
PltdG9cD6GA,3209,Knuckles' Chaotix [Beat The Game] by Hibnotix - #ESAWinter21
n7253_TUgyg,1172,Bugsnax [Any%] by Addio98 - #ESAWinter21
zwAyENWrAZY,1249,Castlevania: Portrait of Ruin [Any%] by Diagon - #ESAWinter22
xbOBO2whUX4,1605,esa winter submission video world record embr in 17 and a few seconds
5E-jbA4RkkE,2532,Shovel Knight [NG+ (Specter Knight)] by Xerclipse - #ESAWinter21
8NzdJEuVdSM,637,Blazing Beaks [Any% (Set Seed)] by LoveBot - #ESAWinter21
3xDgXqzz5mU,18765,Final Fantasy VII Remake [Any% (Easy)] by Royzoga - #ESAWinter21
Ed7TyChPsZk,2992,The Wacky World of Miniature Golf [Cutscene%] by BigJon - #ESAWinter21
7NLPMtROrJo,2215,911 Fire Rescue [All Missions] by Kainalo - #ESAWinter21
-9S3ULVq4Z4,472,Harlequin [Any% Credits Warp] by Robo_Sparkle - #ESAWinter21
Cq-6MONu_CY,5624,Nioh [All Main Missions (Vanilla)] by Galasrinie - #ESAWinter21
i2AF9Oj3v8g,4840,The Legend of Zelda: Link's Awakening (2019) [Any%] by Strackel and Miniretin - #ESAWinter21
Pe_yfV-6eJE,1185,Sonic Spinball [Beat The Game] by Argick - #ESAWinter21
rNbYBBMJb2w,2090,Ultimate Doom [Episodes 1-4 (UV Speed)] by RedW4rr10r - #ESAWinter22
9xowWkGTzeM,2965,Hylics 2 [Any%] by RJsmangit - #ESAWinter21
m2zxxMj3glk,4271,"Minecraft [Any% (1.16, Random Seed, Glitchless)] by Juh0rse - #ESAWinter21"
4cj8O4OcZsE,349,Elmo's ABCs [Any%] by Juh0rse - #ESAWinter21
v-YEpIiXtMA,2605,Looney Tunes: Taz Express [Any%] by Pottoww - #ESAWinter20
fe51Qk7--lA,2982,M&M's: Shell Shocked [Any%] by KingRhodesTN - #ESAWinter21
eN764mipuTk,2537,Cuphead [One Gun] by Kirthar - #ESAWinter20
yFBOFv_GYro,3050,"Smash TV [1 Player, 4 Controllers] by CHX42 - #ESAWinter21"
xpB2BMB5d6Q,1570,#ESAWinter18 Speedruns - Cuphead [Simple] by Truljin
-hllh29M_4U,2400,"#ESAWinter19 Speedruns - Cuphead [All Bosses - Regular, Legacy] by kalevan_herra, Kirthar and TwoCPl"
8rIgl9YevWU,1908,Mega Man [Any%] by TempestMask1000 - #ESAWinter23
QjvQT5h_s80,1221,Paint the Town Red [100%] by trident - #ESAWinter22
LM946N--mo8,1652,"Prince of Persia [Any% (DOS, Glitchless)] by 7eraser7 - #ESAWinter21"
U80CaR1u7Bs,3581,Grand Theft Auto: Vice City – The Definitive Edition [Any%] by kz_frew - #ESAWinter22
sXMBfnhV2vc,19837,#ESAWinter19 Speedruns - The Legend of Zelda: The Wind Waker HD [Glitchless] by AEtienne
uhdXdv2NxsY,8147,"Airplane Mode [JFK - KEF (Normal, $25%)] by Kainalo - #ESAWinter22"
5fESfN4QVtY,1263,Maui Mallard in Cold Shadow [Any%] by Kirthar - #ESAWinter21
BNyBZyWEusQ,1749,"Sonic The Hedgehog 3 [NG+ (Sonic, Glitchless)] by huds601 - #ESAWinter23"
sGBZbGtae-w,8278,Pokémon Red [Any% Glitchless] by KonceptioN2 - #ESAWinter20
fxAUw5Y_r6g,8238,"Yakuza 3 [Any% (Easy, Remastered)] by RebelDragon95 - #ESAWinter21"
XRwAZ5visLg,3450,#ESAWinter19 Speedruns - Deltarune [Any% NG+] by yisk
QP17w13eegc,13076,Samurai Jack - ESA Winter 2024 Practice - Day 4
kyZItq3V5IM,410,Skate or Die [Compete All] by janglestorm - #ESAWinter21
kfgfxPXTLPU,7912,Grand Theft Auto III Toughened Speedrun - ESA Winter 2022
3yj4XNGUTss,1331,Dust: An Elysian Tail [Any% (Warps)] by Murtag - #ESAWinter20
1M2oIGoL8Mg,2274,"I Wanna Be The Boshy [Any% (Average, Dark Boshy, No Wrong Warp)] by BBF_ - #ESAWinter21"
myq-Ftcsz84,1957,#ESAWinter19 Speedruns - Super Amazing Wagon Adventure [Any%] by KennyMan666
7pUQx4g9miA,976,Ninja Gaiden Shadow [Any%] by ShuriBear - #ESAWinter21
L1bX7CTMwfs,1901,#ESAWinter19 Speedruns - Q.U.B.E. 2 [Lost Orbit DLC (All Chambers)] by Fatzke and eTholon
kI_SV27ewTI,946,#ESAWinter18 Speedruns - Forward To The Sky [Any%] by PurkisM
1A6uMIVAYFM,3984,Touhou: Scarlet Curiosity [Remilia (True Ending)] by Naro - #ESAWinter21
SDfie8cfkP0,2312,Skies of Arcadia: Legends (PRE-SHOW) [100%] by Pengyy - Part 6/6 - #ESAWinter21
kiUS4ZCTw6g,2301,Cat Quest [Any% (Old Patch)] by UnintendedChaos - #ESAWinter24
mhxGi8ndV8Q,2833,"#ESAWinter19 Speedruns - Cuphead [All Bosses - Regular, Current Patch] by kalevan_herra"
nZE2U8abB5k,3795,#ESAWinter19 Speedruns - Mario Party [Mini-Game Island Any%] by 360Chrism and Fuzzyness
g2p1L9okYaQ,4940,Metal Gear Ghost Babel [Any% (Easy)] by CDOSKEZ - #ESAWinter21
8CqMKdhoWJA,4177,#ESAWinter19 Speedruns - Crash Bandicoot: N. Sane Trilogy [Crash 3 any%] by Murcaz
Q-q4WaYuKpI,2313,Anodyne [Any% (Tutorial Showcase)] by robisar01 - #ESAWinter24
fnjRr7hTTzk,1718,Sonic CD (2011) [Tails: All Good Futures] by flying_fox - #ESAWinter21
zSNiQhfWPDU,1620,Wizards & Warriors III: Kuros: Visions of Power [Any%] by marquisdan - #ESAWinter21
CfT3F7otIOU,2499,Super Castlevania IV [Any%] by Tinnue - #ESASummer21
QbrJfgl8htY,2411,Mega Man Atari Demake [Any%] by BigJon - #ESAWinter21
2kh198FciUA,7800,Bee Movie Game [Any%] by BlackbeltGingaNinja - #ESAWinter21
2QxrMYFY0HI,5242,Tail Concerto [Any% (NTSC-J)] by Rom_Stein - #ESAWinter21
FfgxQ20jVeg,5064,#ESAWinter19 Speedruns - Danger Zone [Any%] by Makkebakke
-kkpqHycXTk,14464,Skies of Arcadia: Legends (PRE-SHOW) [100%] by Pengyy - Part 5/6 - #ESAWinter21
Mj_yg6SEDb0,1577,Pooh and Tigger's Hunny Safari [Beat The Game (Easy)] by Rasschla - #ESAWinter23
YRLtaUB_GNc,772,Hotline Miami 2: Wrong Number [Hard Mode] by AshmoreKidd - #HEK21 (2)
55WM8KbRXWI,2223,"Cuphead [Low% (Regular, Legacy)] by Kirthar - #ESAWinter22"
8056ztNAZ1I,9148,"ESA Winter 2023 • Yu-Gi-Oh! Forbidden Memories 15-card, No RNG Manip, any% Speedrun"
o-FCvDFUvxI,4978,#ESAWinter19 Speedruns - FAR: Lone Sails [Any% Pre-Patch] by SoberCorewin
zngqyAyuxos,4519,The Legend of Zelda: A Link to the Past [Randomizer (Co-op)] by Xita and Wiredwicky - #ESAWinter21
AnbSzuUpbHU,1414,#ESAWinter19 Speedruns - Pokémon Red/Blue [Any% No Save Corruption] by G3neziz
FByM8Z9_Vp8,249,ESA Winter Classes
He9Kmn2VAM8,2826,"Resident Evil 1 [Any% (Jill, NMG)] by xSHiiDOx - #ESAWinter20"
0s27Xvl33cg,2183,#ESAWinter18 Speedruns - Beyblade VForce: Ultimate Blader Jam [Any%] by 360Chrism
LfSsBxyXc14,2839,Ori and the Blind Forest [Randomizer (All Skill Locations)] by Covert_Muffin - #ESAWinter21
ZXes_wDMWN0,4961,"Devil May Cry 4: Special Edition [NG (Nero / Dante, Devil Hunter)] by Mekarazium - #ESAWinter21"
e53SufpKYdU,414,ESA Winter 2022
4MHIP0o_8Ww,5695,Rayman [Any% (2P1C)] by Thextera_ and Glackum - #ESAWinter20
kn3eebM9GGg,9629,#ESAWinter19 Speedruns - Pokémon Red [DDR% Glitchless] by AEtienne
GT2bM3Cg3v4,4427,Havrd's Secret Hour [Secret] by Havrd - #ESAWinter22
YNN2rM2DPHI,1300,Chakan: The Forever Man [Any%] by Edenal - #ESAWinter26
uHdg7TdKxok,2838,#ESAWinter18 Speedruns - Mega Man X [100%] by Soppae
3pKpX5VMnEQ,4671,#ESAWinter18 Speedruns - Giga Wrecker [Any%] by AEtienneTV
14gu0c7HO-I,2076,#ESAWinter19 - Ryedawg's Chatterbox - Day 4 with guest Distortion2
KRPA79_lQ4A,3913,Spyro Reignited Trilogy - Spyro 2: Ripto's Rage! [40 Orb] by Zic3 - #ESAWinter21
9UW-5_JK258,1452,#ESAWinter18 Speedruns - Batman [any%] by Greenalink
z5jv0SLohgA,2593,#ESAWinter18 Speedruns - Mega Pony [Rainbow Dash] by KennyMan666
Y45uRwwwmos,2529,Mega Man X 100% by Clipper   #ESAWinter21
ZPkcXrn0U_0,3973,Tormented Souls [Any%] by SHiiDO - #ESAWinter22
ZzR3lc7ArEc,14464,Skies of Arcadia: Legends (PRE-SHOW) [100%] by Pengyy - Part 4/6 - #ESAWinter21
KCUij5bw0GI,5322,"BattleBlock Theater [Any% (No Skips, Normal, Weapons)] by Paulister - #ESAWinter22"
1IHSweRCRqk,1582,#ESAWinter19 Speedruns - Distance [Lost to Echoes - Default] by Brionac95
mLF2zkd4myM,5190,Star Fox 64 [Crowd Control] by kelpsey - #ESAWinter22
uwzYVoYHqhg,5876,Dark Souls III [All Bosses ] by siegbruh - #ESAWinter22
DUD-U4A7K5c,8607,ESA Galaxy Any% Race - Jhay vs HardcoreGaming [ESA Winter 22]
1unIvgKW2BU,3193,Prince of Persia: The Sands of Time [Any% (No Zombie Glitch)] by 7eraser7 - #ESAWinter23
o3HdHegR3sM,2267,#ESAWinter19 Speedruns - Streets of Rage [2-Players Glitchless Easy] by Titans of Co-Op
kyZItq3V5IM,410,Skate or Die [Compete All] by janglestorm - #ESAWinter21
JG6iF6gyt-w,2385,BioShock [Any%] by SerSanju - #ESAWinter22
AU7M_It7Yv4,296,P-61 Black Widow ESA winter time 2018
UwlvX_2Mjp8,4941,Grand Theft Auto III [Any%] by English_Ben - #ESASummer21
8SjAAmCOojg,3383,"Spyro Reignited Trilogy [Any% (Spyro The Dragon, NBS)] by BoneyC - #ESAWinter20"
YwGM9OMQEXM,4129,"Unravel Two [Any% (No Major Skips, Co-op)] by ms_rey and ThisGuyAreSick - #ESAWinter21"
PeqzW4jmCV0,1489,Hades [Dash Only] by OckE - #ESAWinter23
hTFBbU14R9Y,4142,#ESAWinter18 Speedruns - Pokémon Diamond/Pearl [Any%] by Retrotato
tdP43hdvl-M,7327,Clubhouse Games: 51 Worldwide Classics [Win All Games] by 360Chrism - #ESAWinter21
DcsDEXzJnZQ,8946,#ESAWinter19 Speedruns - Dark Souls II [All Bosses] by Distortion2
fUq5N3Uk-ZY,4629,Grand Theft Auto V [Trevor%] by noobsalmon - #HEK21
TNsAPZqaNfU,14460,Skies of Arcadia: Legends (PRE-SHOW) [100%] by Pengyy - Part 2/6 - #ESAWinter21
pHg9qhJ03BU,1877,Skybolt Zack [Any%] by BliSushi - #ESAWinter20
QwvvIh94b40,547,Illusion of Gaia [Apocalypse Gaia] by solarcell007 - #ESAWinter20
kiUS4ZCTw6g,2301,Cat Quest [Any% (Old Patch)] by UnintendedChaos - #ESAWinter24
7lQPK6zuTio,2778,Super Mario 64 FPS [70 Star] by Shafournee - #HEK21
jkt65i-ZPLk,2342,#ESAWinter19 Speedruns - Super Mario Bros. [Warpless] by at_c
7Rx8bUTRq6I,3907,Mirror's Edge [Any% Relay Race] by Team Juan vs. Team Carlos - #HEK21
cLr_JtCBrBU,4321,TETR.IO [Showcase (40 Lines + Blitz + Multiplayer)] - #ESAWinter23
X3txnSgoKIU,5722,ESA Winter 2023 #21 - Super Metroid by Celina
5aWsNTjSAdw,3250,Devil May Cry 2 [NG (Dante)] by LonerHero - #ESAWinter21
JURqmd75F38,2148,Sonic 3D in 2D [Beat The Game (Sonic)] by huds601 - #ESAWinter23
rEXGsK1QAhM,744,Tetris Attack [VS. V-Hard] by YumeTsubasaCH and Wiredwicky - #ESAWinter20
2GaIOMRsDD0,2679,"Resident Evil (1996) [Chris (Any%, No Major Glitches)] by SHiiDO - #ESAWinter22"
9htFwyUriGg,4253,Metal Gear Solid 2 Speedrun Race live @ ESA Winter 2022  - Hau5test vs Mockingjay
gIx_ZHH9Knw,4449,Retro City Rampage [Any%] by Riekelt - #ESAWinter22
5e7qz0n6gd0,72,"""Shine""- Celebrating ESA at the Winter Garden"
we0WqRi1LsE,626,#ESASummer22 Official Aftermovie
g8KTbWUddVs,1144,Lemma [Any%] by drunkenshoe - #HEK21
zq1mO994YJM,887,Manic Miner [Any%] by TinyTim78 - #ESAWinter23
slwCEQokCNA,5150,Shadow of the Colossus (2018) [Any% (Normal)] by Incep_Sean - #ESAWinter21
75ZtpZEOYks,1993,Momodora: Reverie Under the Moonlight [AVIB (Hard)] by DrimFox - #ESAWinter20
egHud43HrUQ,4321,Silent Hill 4: The Room [New Game] by juh0rse - #ESAWinter22
uJd16GxOQVI,12445,Wild Rift China🔴KKM | SoloQ Rank 1 Server - 7 Jungle Guide Subtitles | High Elo Gameplay - Legendary
spfvmWhBIFw,3741,Super Sami Roll [Any% (Sami's Adventure)] by LoveBot - #ESAWinter22
t8NKruRpJa8,949,Gori: Cuddly Carnage [Demo Any%] by randompinkbunny - #HEK21
0EqXCCo4GrA,21810,Shining Force II [Any%] by BOWIEtheHERO - #ESAWinter21
NN7C4feNaCc,2320,Roblox [Speedrun Medley] by ZooKetra - #HEK21
FxmPJdVtB5o,21721,Golden Sun: The Lost Age [Any% (No S&Q)] by TL_Plexa - #ESAWinter21
800q8LyjBwg,6358,La-Mulana Remake [Any%] by Timopy - #ESAWinter20
x4ps26-sSFM,1729,Star Wars: Jedi Knight - Jedi Academy [Any%] by Vryndar - #HEK21
MxksIBWyGQo,1562,The Inspector Complex Arms [Any%] by havrd - #HEK21
ipIEuenUkxE,1705,140 [All Levels] by Zet - #ESAWinter20
sJgN0pXLXOE,2044,"Duck, Quack, Shoot [10-Person Score Contest] by KingEurope - #ESAWinter26"
7KS0su4OGwg,3323,Arabian Nights [Any% with Dialogues] by Goost - #HEK21
hFeIN35Vg58,1521,Here Comes Niko! [Any%] by Creepr - #ESAWinter22
nE3me_kZnuM,9341,Mirror's Edge [All Achievements] by Hekigan - #HEK21
Fdf2jeGwneU,8400,Jade Empire Any% Special Edition Speedrun - ESA Winter 2019
ju5sNhw5YgQ,2110,Dark Souls [Any%] by catalystz - #ESAWinter23
JUL4k31338s,15002,"Pokémon Soul Silver [Any% (Glitchless, Manipless)] by JTMagicman - #ESAWinter21"
xk4v9EyzLg4,1425,Ice Age: Scrat's Nutty Adventure [Any%] by semmlbroesel - #HEK21
_Nmf1lMK66I,3578,Halo 2 (Master Chief Collection) [Speed Mod] by ibigblue - #HEK21
RUUVivxRgdg,1298,ESA Winter HMT | The best basketball teams in Alaska | To be continued
bCl2YdkWHX0,15840,Grand Theft Auto: San Andreas [Any% (No 3rd party FPS cap)] by Joshimuz - #ESAWinter23
S1NppTxur4I,10260,Astral Chain [Any% (No Abilities)] by Herreteman - #ESAWinter23
L_iDDld3Uqc,2139,Local Speedrunners go Outside - ESA Winter 2022 Vlog
KvsqAwtN0ck,1155,Youyou Kengeki Musou [Any% (Hard 1.0)] by Naro - #ESAWinter20
5X8uTJYaV6k,2600,Transistor [Low%] by Cadarev - #ESAWinter20
cKoN2zNKcyg,2420,Brigand: Oaxaca [Bad Ending] by Timopy - #HEK21
V2UOk1sN3-s,15003,#ESAWinter18 Speedruns - Super Smash Bros. Brawl [Subspace Intense Difficulty] by Fuzzyness
xmJyPYG1NJw,14233,#ESAWinter18 Speedruns - Paper Mario [All Bosses] by KalarMar
KzjdWvapA0g,4942,Metal Gear Solid 2: HD Edition [European Extreme] by Jaguar_King and dlimes13 - #ESAWinter21
Elzm2TDI-7c,3111,"GeoGuessr [3P Coop] by mgln_, janmumrik and havrd - #ESAWinter22"
wMqKD4yO1Po,28332,Super Mario Odyssey [All Moons] by TiloTech and Dansta2106 - #ESAWinter23
3OEgKM6_RNY,846,Bishi Bashi Special 2 [Any% Hyper] by juh0rse - #HEK21
tCLVdb8hvZQ,19775,Judgment [Any%] by Froob - #ESAWinter21
2FH7UBpxPe4,6535,LEGO Indiana Jones: The Original Adventures [Any% (No 0HP)] by LaserTrap_ - #ESAWinter22
U5gKQZYZIvw,3042,Spongebob's Truth or Square [Any% (No LSG)] by jackalacka - #ESASummer21
i8jnh5jJcvk,1689,Aperture Tag [Any%] by Msushi100 - #ESASummerOnline
MC4P0PnSxW8,10073,The Evil Within 2 Any% by StevieBlu [FR] ESA Winter Marathon 2019
0LXx1jiRx8M,12224,DOOM (2016) Nightmare 100% Speedrun | Practicing for ESA Winter 2020
efSOmsC6V-I,1533,ESA Winter 19 Submission Video - Yoshi's Story All Melons 1-Lap by LoveBot
LmQVP-2lpFs,11699,The Legend of Zelda: Twilight Princess [Any%] by definitelynotfx - #ESAWinter22
EGGw7w2J7K8,2179,Max Payne 2: The Fall of Max Payne [Any% (Dead on Arrival)] by Mattmatt - #HEK21
E1gfTC5L2M4,72,Sidney Crosby Shrugs Off Esa Lindell And Buries His Own Rebound
O85EN_bAS4k,1325,Bugsnax [Any%] by zoton2 - #ESAWinter22
75m3EB9U9bE,2507,"Super Mario 64 [70 Star (Non-Stop, Randomizer)] by 360chrism - #ESAWinter22"
zYMas63WGMA,10617,The Legend of Zelda: Skyward Sword [Any%] by Pikastroff - #ESAWinter20
BlHcC1S8FOo,4592,Harry Potter and the Goblet of Fire [Any%] by Kaethil and Rasschla - #ESAWinter23
UZlWE5ellnQ,1878,Legacy of Kain: Defiance [Any%] by Mekarazium - #ESASummerOnline
avBriN2VjD8,5471,Yooka-Laylee and the Impossible Lair [24 Bees / No Tonics] by BigJon - #ESAWinter20
Yy1H_kX-AJY,21223,Grand Theft Auto: San Andreas – The Definitive Edition [Any% (No Major Glitches)] - #ESAWinter22
710HtEmQv-o,3200,Destruction Derby 2 [All Races (Stock Car)] by TweedyJono - #ESASummerOnline
O4GtwoCjgjo,11227,#ESAWinter19 Speedruns - Mario Party 6 [All Boards - Weak Difficulty] by Fuzzyness
z_cPXxq9ud0,4207,"Hades [50 Heat (Unseeded, Unmodded)] by Ya-GG - #ESAWinter23"
R1ARUErEvNE,838,Dexter: The Game [Any%] by Mattmatt - #HEK21
F5jo6GhvPfg,2001,Hot Wheels: Beat That! [All Tournaments] by Stachemallow - #ESAWinter26
2pjy3CO3bd8,1019,The Haunted Island Any% by Makkebakke [FR] ESA Winter Marathon 2019
6cLV98KVSIg,2772,Transistor [Any%] by KassXCII - #ESAWinter23
dWd5VSYtkX4,1801,Moonbase Alpha [2P (Co-op)] by CovertMuffin and Sajiki - #ESASummer21
p2xi-cF2-CU,5053,Marathon Speedrun #80 | ESA Winter 2024 | Sonic Dream Team | Any% Race vs @kingrhodestn9232
rfLwR0fQPc0,2223,"Star Wars: Jedi Knight - Jedi Academy [Any% (No SL, EB)] by Sajiki - #ESAWinter23"
87qTWgsQLiE,26014,The Legend of Zelda: Twilight Princess [100%] by nukiedog - #ESAWinter23
PThgmEZJQak,8502,Elden Ring [All Remembrances (Glitchless)] by catalystz - #ESAWinter23
CAh17b5ttwo,1979,Bloodstained: Curse of the Moon [Any% (No OoB)] by AEtienne - #ESAWinter23
VFZvjz_AOtw,1634,Jet Set Willy [Any%] by DigitalDuck - #ESASummerOnline
IOcEH4g-6Uc,3780,GTA: Vice City Any% no SSU by English_Ben [FR] ESA Winter Marathon 2019
2AkBh3cA_cc,2869,"StarCraft: Remastered [Any% (Terran, No Dialogue Skips)] by GoShoxTV - #ESAWinter23"
bhIy3jnQrwU,5860,Mario Kart World [All Grands Prix] by hypnoshark - #ESAWinter26
AGauKju2fg8,4507,Super Mario Bros. 3 [100%] by mitchflowerpower - #ESASummer21
oJUXZpWvUeU,1658,The Slater Any% Glitchless by Truljin [FR] ESA Winter Marathon 2019
RGmgt8jD5Ws,286,Opening Speech [Speech] by Edenal - #ESAWinter22
As8250C-BQI,4055,RE2 (2019) Claire B by Distortion2 [FR] ESA Winter Marathon 2019
45UoEPYOwo4,2419,Metal Gear Solid V: Ground Zeroes [NG+ (Stealth & No Kills)] by OneCoolManXOF - #ESAWinter21
eIh18cF9H_A,8873,Super Mario 64 [120 Star (Randomizer)] by 360Chrism - #ESAWinter20
5XNMmD_GN9w,1510,Timeline [Any%] by havrd - #ESASummerOnline
d34i4laRj2M,3028,Crash Bandicoot N.Sane Trilogy [Crash 3 (Reverse Warp Order)] by Murcaz - #ESAWinter23
DM5Ax2QmO3M,1370,Bugsnax [Any%] by BBGingaNinja - #HEK21
oM2r2M9cnwU,5272,Rayman 2: The Great Escape [Any%] by Glackum - #ESAWinter20
CDso3RsjYfk,1622,#ESAWinter18 Speedruns - Knytt Stories [All Expansion Levels] by DonDoli
BIW2J6JaI3o,14271,Need for Speed: Most Wanted [Any%] by KuruHS - #ESAWinter21
mbBFpNLZT6E,1539,Blackstar's (Genetically Realistic) Family Tree [CC]
rB6cs3QawVg,5645,Nioh [All Main Missions LVL1] by AxelSaGo - #ESAWinter20
d1dfmuyNFSo,1629,Jak 3: The Journey Back Gold Edition [Any% (All Cutscenes)] by ThaRixer - #ESAWinter23
lB8bKUHoC8k,5105,Bowser's Fury [100 Shines (No Amiibo)] by Riekelt - #ESASummer21
PSv8kB_2PBA,6153,"Resident Evil 5 [NG+ (No 1-1, No Rocket, AMA)] by Aeshmah_ and TaintedTali - #ESAWinter23"
oRat2VUk5Z0,3542,Celeste [True Ending] by Psyched_SR - #ESAWinter20
R2pViwALnj8,2813,"Minecraft [Random Seed (Glitchless, 1.16+, 30 FOV)] by Sizzler - #ESASummer21"
tdP43hdvl-M,7327,Clubhouse Games: 51 Worldwide Classics [Win All Games] by 360Chrism - #ESAWinter21
KfDokiqkw6g,477,SpongeGlock SquarePants [100%] by BlackbeltGingaNinja - #ESASummer21
JNw5TPYuvPw,3899,Trackmania [Community Maps Showcase] by Rastats - #ESAWinter22
od9grZ-OaDI,2781,Mega Man X4 [100% (Zero)] by ThaRixer - #ESAWinter24
k-zGyh1VK1k,1771,Youyou Kengeki Musou [100% (Hard)] by naro - #ESAWinter22
SIFWNKHFNhY,2120,Evergate [Any% (Unrestricted)] by SunnymuffinSR - #ESAWinter22
-uYQwws2puc,2412,Dishonored [Any% (Yes)] by Cropax - #HEK21
TAMXL3zsS2k,5355,"The Elder Scrolls V: Skyrim [Main Quest (Glitchless, Novice)] by TODDs_Telemedien - #ESAWinter23"
xcFbyuzd9S8,201,aespa 에스파 'Switchblade (Feat. Ty Dolla $ign)' MV
VjRmfQZ-2WY,14802,Crowd Controlled Chaos Mod | ESA Winter 2020 Chaos Mod Crowd Control Speedrun Part 2
To8nNE5ptB4,5007,Grand Theft Auto: Vice City Tightened Vice Speedrun - ESA Winter 2023
SeqdKQQSNuk,2912,Castlevania: Dawn of Sorrow [All Bosses (No Memory Corruption)] by Diagongdx - #ESAWinter21
yvSkEknMtTo,14282,Skies of Arcadia: Legends (PRE-SHOW) [100%] by Pengyy - Part 1/6 - #ESAWinter21
nliYfGADISI,69,Philipp Kurashev Credited With Goal After Esa Lindell Redirects Puck Into Own Net
0yHSdx07WQw,3611,Be-Music Source [Single & Double Play Exhibition] by beachsidebunny and chazoshtare - #ESAWinter21
9oe2A2K9IIo,6687,Splatoon [All Scrolls (Dance Pad)] by PeekingBoo - #ESASummerOnline
kiUS4ZCTw6g,2301,Cat Quest [Any% (Old Patch)] by UnintendedChaos - #ESAWinter24
IykNxgRT9CQ,118,Dave Williams vs Esa Tikkanen
b447a1jPmW8,3746,"Teenage Mutant Ninja Turtles: Shredder's Revenge [Arcade (Chill, Raphael)] - #ESAWinter23"
DMEqH6EFPcc,747,"The NEXT BIG Trade: Deep Dive Into Gold, Silver, Oil And Natural Gas"
yOU1f1P2dpM,12972,Alan Wake 2 par TaintedTali [ESA Winter 24]
bUkM6_zuX4Q,1620,Blitz Breaker [Any%] by Thextera_ - #ESAWinter20
7FkNDhjhSu8,6336,Metal Gear Solid 2: Sons of Liberty [All Dog Tags (Extreme)] by Brakk0n - #ESAWinter23
4rrfXZet0tI,702,Let's Be Real About Kobbie Mainoo...
ikTL6CHENi8,1031,#ESAWinter18 Speedruns - Chakan: The Forever Man [Any%] by EdenalSDA
Fj-q7o_2umc,1041,Frog & Spiders [Score Exhibition] by eerokurkisuo - #HEK21
_RbAH30qpHU,1363,Lemma [Any%] by Drunkenshoe - #ESASummerOnline
S_u221ecm-E,41191,The Nine Lands Return to Dust | MULTI SUB
D0hHF4lhM_A,7640,Grand Theft Auto: The Ballad of Gay Tony [Any%] by ultimaomega07 - #ESAWinter22
E5KaW9nqu6s,1479,kuso [100% (LOVE + kuso)] by Paulister - #ESAWinter20
DipNM1xrrLQ,7231,Captain Toad: Treasure Tracker [All Gems] by GreenSnowDog - #ESAWinter24
6bFUvNehcA4,9044,Crash Bandicoot: N. Sane Trilogy [Any% (Full Trilogy)] by murcaz - #ESAWinter22
0ThpGuyCJDU,1640,"Bloodstained: Curse of the Moon [Any% (Ultimate, No-OoB)] by TheBlacktastic - #ESAWinter20"
AKL3fj58mZI,1304,Snow Cabin's First Summer + A Surprise Underground Project
7M_66XE9th8,1887,Blazing Chrome [Arcade Mode (Normal) - Gun] by Kirthar - #ESAWinter20
jfXmrseJG3s,1859,Fallout: New Vegas [Glitchless] by jabo - #HEK21
UNApxfQHEFU,1917,Q.U.B.E. [Any%] by etho - #ESAWinter20
ZIpmMQ0ioqw,5771,Resident Evil 7: Biohazard [Any% (NG+)] by NicowithaC - #ESAWinter22
TdPF2k3IO3s,4109,Tomb Raider (2013) [Any% (no DLCs)] by Cadarev - #HEK21
FcbRzTEjN_I,3082,Broforce [Arcade Mode (Normal)] by KillerChair - #ESAWinter23
YlsMsj8J6Yg,4715,Splatoon 3 [Any% (Restricted)] by Crisisaurus - #ESAWinter23
levZ0IIsd1g,4711,"Resident Evil 6 [NG+ (Amateur, Jake)] by TaintedTali and nicowithac - #ESAWinter23"
TSF81sNgp5M,912,Underworld Ascendant [Any%] by Hippienator - #ESAWinter23
JEm3ClTJb_U,6608,Tiger Woods PGA Tour 2005 [Complete All Courses] by hypnoshark - #ESAWinter26
kJ4yh0lGadA,3201,Raskulls [Any%] by SteveTVOnline - #ESASummerOnline
aLRJY1tQVnA,990,#ESAWinter19 Speedruns - Grand Theft Auto: Chinatown Wars [Any%] by Joshimuz
HN_C50oHhtU,1818,GTA: Vice City ACE Showcase by gaeldemarseille [FR] ESA Winter Marathon 2019
ZOA6ErVKv0c,2149,Deltarune (Any% NG+) #UKSGAutumn19
LUwXGqcT5Ik,6755,Super Mario Odyssey [Any%] by EVERYONE - #ESAWinter23
qN74_EDmzC4,7551,"Need For Speed: Carbon [Any% (Career, New Game)] by cousin - #ESAWinter22"
vSJEyi6-W3Q,1315,Ninja Combat [Easy Clear] by Riekelt - #ESASummerOnline
1shmw3iPwdc,200,Esa Morena
WfEsgkD2r7o,2568,MediEvil: Resurrection [Any%] by desa - #ESAWinter22
tgcNVMwyzJc,3546,#ESAWinter19 - Ryedawg's Chatterbox - Day 5 with guest Maral
_A1xPhdCIMo,2355,The Swapper [Any%] by Zet - #ESASummerOnline
Xf3ZCVQw9Fc,3143,Jak & Daxter: The Precursor Legacy [All Flies] by Stellar - #ESAWinter23
7dU2gM7xAxc,10834,"Nioh 2 - The Complete Edition [All Main Missions (w/ DLC, Featherless)] by AxelSanGo - #ESAWinter21"
24xM-3cgREo,5507,OpenTaiko par ugyuu [ESA Winter 24]
t-t49yan-Q0,960,Tetris Attack - V-Hard by Wiredwicky [DE] ESA Winter Marathon 2019
0Hi7BHz4IB0,1572,Refunct [All Main Categories (No Low%)] by sladke - #ESASummerOnline
-ysSHKKKcyo,13169,Saint's Row [Any%] by Joe - #ESASummer21
zm-sr75hpbE,10774,"【MULTI DUB】She Hid Her Crush for 3 Years, Then Learned He Loved Her Since High School!"
h8IaeIykjf0,861,Driv3r [All Timmy Vermicellis (Miami)] by Viper - #ESAWinter24
Lq2a4urtM4w,3334,Dustforce DX [16 Red Keys] by rekseee - #HEK21
ovAXM-MUT14,5812,Prince of Persia: The Sands of Time  [Any% (No Major Glitches)] by Jaka - #ESAWinter22
HSozmnhZs00,2621,Blaster Master 2 [Any%] by BigJon - #ESAWinter20
ATB0zPnvwDc,1828,Super Mario 64 - TAS Showcase by fplush [ES] ESA Winter Marathon 2019
4Zd8qMYTqCI,17868,Grand Theft Auto: Vice City [100%] by Mhmd_FVC - #ESASummer21
XjzJ5otI3zQ,13513,Final Fantasy V [Any% (English)] by bichphuongballz - #ESAWinter20
F6Cm4ZS1w2w,11893,The Legend of Zelda: Tears of the Kingdom par 5eil [ESA Winter 24]
SRX-VZp8vtA,2975,"Kingdom Hearts Birth by Sleep Final Mix HD [Any% (Aqua, Critical, Level 1)] - #ESAWinter22"
8sqCwDsehf8,2303,Darkest Dungeon - Boss% Necromancer by Tricr0w [DE] ESA Winter Marathon 2019
MyliwRRyl2w,17051,Love Live! Superstar!! Complete Season 1 | Special Watch Party Event | 7 Days Only
dHSUhZDOsjw,7136,Darkest Dungeon [Blackout Bingo (Coop)] by Tricrow and RebelDragon95 - #ESAWinter23
8imyx68I33s,1268,My Friendly Neighborhood [Any%] by Hippienator - #ESAWinter24
5lzqPb23i4E,8961,"Dumped Guy Wake Up as Billionaire’s Son—Next Sec,$100B Drop From Above,Beautiful CEOs Chase!"
RMj2rq-Rxps,6351,Red Dead Redemption 2 [Horseshoe Overlook (Chapter 2)] by FreshRigi - #ESAWinter22
_u2JvebyDDk,1227,Contra: Hard Corps [Browny Lab / Surrender Route (JPN)] by GreenalinkSDA - #ESAWinter23
9-WVSx3cByM,56891,Persona 5 (PRE-SHOW) [True Ending (Hard)] by Neviutz - #ESASummer21
GEpPqndkW14,3262,"Spyro Reignited Trilogy [Any% (Spyro The Dragon, NBS)] by NostTW - #ESASummerOnline"
Vxd83euS5WU,25444,"Xenoblade Chronicles 3 [Any% (Normal, w/ DLC)] by Plexa and quadraaceps - #ESAWinter23"
RSu4YEzmdls,2343,Katana Zero [Hard Mode] by yisk - #ESAWinter20
rKI_et-VX1U,520,Grand Theft Auto: Chinatown Wars - Any% by Joshimuz [ES] ESA Winter Marathon 2019
1Df8A2kQ5cU,241,Procol Harum - A whiter shade of pale (subtitulado en español)
2MYskNmsRyg,2590,Crash: Mind Over Mutant par Kobaltski [ESA Winter 24]
fMXj3BJaM7g,6833,"I Was the Weakest Mage in the Village, Until I Learned the Truth About Aether (Part 1)"
WRxe8ZV2ny4,7484,Super Mario Odyssey par Dansta2106 [ESA Winter 24]
jW81OGYK62c,4657,#ESAWinter19 Speedruns - Pokémon Trading Card Game [Any% With Tutorial] by Raagentreg
tBvZ8qaapwI,4381,Boktai 2: Solar Boy Django par Drakodan [ESA Winter 24]
BK9NtN25t0U,216,Winter Will Always Be Yours
xo0Wp-D6saI,1281,Streets of Rogue [Any%] by Flick - #ESAWinter26
gormnV3rEIE,17155,"Rayman Series par Thextera_, Destabilize, redbirdo,Markovic, Kobaltski, Torsinn [ESA Winter 24]"
