# Every result of one `yt-dlp ytsearch400:#ESASummer24`, recorded
# 2026-09-01 for issue #75. This is the whole candidate set the
# event can offer, decoys and other years included - a harder set to
# rank than the six hits a live `ytsearch6:<game> #tag` returns, and
# one that costs no YouTube request to re-run.
video_id,duration,title
vs1ZMebVkH4,22348,Grand Theft Auto: San Andreas [Any% No Major Glitches] by Joshimuz - #ESASummer24
_Bfr5vF-4DY,3345,SCED-02417 Demo Disc [All Games] by ThaRixer - #ESASummer24
IaoJse_EWuU,5991,Prince of  Persia: The Sands of Time [Any% Zipless] by epicdudeguy - #ESASummer24
Txgn4AMNmhc,3889,Metal Gear Rising: Revengeance [Any% (NG+)] by Diagongdx - #ESASummer24
2KbjjWjNc5g,2749,Cuphead [DLC + Base Game Any%] by Kirthar - #ESASummer24
5hNPNBd6phQ,1712,Beep's Escape [Complete the Game] by TinyTim78 - #ESASummer24
tC8InjrMkyc,3727,NES Shuffler Race [Donation Shuffler] - #ESASummer24
2vc5vZRpqDU,1624,Karnov [Any%] by hirexen - #ESASummer24
m7e-DVQSe1Q,1381,Oni [Any% Easy] by Original_Baum - #ESASummer24
PvxfQqpG8oA,3221,Spyro 2: Ripto's Rage [14 Talisman] by DylanJayFox - #ESASummer24
y2TubEju-PA,2520,Spyro the Dragon [Any%] by lumilaura - #ESASummer24
Iwr48SYp85g,412,Takeshi's Challenge [Any%] by lucha_gym - #ESASummer24
iIBqEzFNjHI,7576,Darkest Dungeon [Crowd Control] by Aeshmah_ - #ESASummer24
Uc6G3ZEFZvo,3055,Tom Clancy's Splinter Cell: Pandora Tomorrow [Any%] by DirectorMusic - #ESASummer24
2fzHC0r_YyU,2445,Vengeful Guardian: Moonrider [Beat the game] by Kirthar - #ESASummer24
49Upou1Rttg,1345,Teenage Mutant Ninja Turtles [Any%] by NilssonAlex92 - #ESASummer24
CWIA7Zp13yA,7051,Super Mario 64 [70 star 70 player relay] - #ESASummer24
SOwgfdpgASo,1129,Lemma [any%] by Drunkenshoe - #ESASummer24
YqGEcWyd-R4,773,Chip 'N Dale: Rescue Rangers [Any%] by hirexen and EndySWE - #ESASummer24
2irX30c1vi4,4333,Super Mario Sunshine [1vs.1 Lockout Bingo] by peaches and RSW - #ESASummer24
3NN2EI1H_70,2552,Metroid Deep Freeze [100%] by Xoneris - #ESASummer24
AelbzXvpEio,3527,Star Wars Battlefront II (Classic 2005) [Any% with bonuses] by CaptainEmu - #ESASummer24
oP6PwIF6MVA,2369,Mega Man 5 [Any%] by prisiii3 - #ESASummer24
jlEPGj-t0Ug,1249,Nova the Squirrel [Any%] by Polari - #ESASummer24
qFgLRgbAfwc,1035,Panic Restaurant [Any%] by Laxxus and hirexen - #ESASummer24
tK4Kt8Kudnc,1569,Little Nemo: The Dream Master [English] by thebagler5 - #ESASummer24
AbTU-SkUW_A,1344,Unreal: Return to Na Pali [Any%] by Myths - #ESASummer24
jPJOZqYFYUQ,1345,Black Hills Flood: The Dam Wasn't the Disaster
I67m66Xc54s,2495,Mega Man X1 [100%] by StahlbolzenSC2 - #ESASummer24
ZFohcJPMJag,5985,Flash Game Gauntlet [Any%?] - #ESASummer24
xW22D-DLpdA,259,The Indie Dev Meetup at ESA Summer 24 | RPG Devlog 8
XV1yWa1kyFw,4896,"Colin McRae Rally 2.0 [Championship (Novice, Standard Cars)] by Cousin - #ESASummer24"
19KZySThS6c,1956,Rosenkreuzstilette Freudenstachel [Any%] by Hypah - #ESASummer24
62U92N8WDDc,2107,Half-Life 1 [WON Scriptless] by HuthTV - #ESASummer24
LHoVA_JNLT0,646,Home Alone 2 [Any%] by ScarfaceNico - #ESASummer24
_kNtfYVdpGA,10527,Pokémon Platinum Any% race vs linewashere from ESA Summer 2024 #ESASummer24
nVbJn6siuic,4704,"ESA Summer 24 South Park: Snow Day! All Chapters (PC, Easy, Co-op) - 1:14:47"
UPypek_qGbM,3414,EarthBound [Any%] by DoctorSwellman - #ESASummerOnline
i8jnh5jJcvk,1689,Aperture Tag [Any%] by Msushi100 - #ESASummerOnline
QqOH-_qIjNs,12948,Golden Sun [Any% No Save & Quit] by Plexa - #ESASummer24
DyRIgbQIpgA,571,Space Quest II: Vohaul's Revenge [Any% No Cheat] by Joka - #ESASummer24
L5ls7utzD-Y,3692,The Legend of Zelda: A Link to the Past Randomizer [Pilot Spoiler Keysanity] - #ESASummer24
SOwgfdpgASo,1129,Lemma [any%] by Drunkenshoe - #ESASummer24
jf4npbzfYhg,17205,Pokémon Sword / Shield [Trade Alt Main (Litten)] by Retrotato - #ESASummerOnline
0ZP4RO2YRpg,470,Streemerz [any%] by bassguy4 - #ESASummer24
zhsiZgfQnbI,4045,Hitman: Blood Money [All Achievements] by AlphaBrother - #ESAWinter24
f28Z7fOOJpE,1338,The Immortal [Any%] by Eriphram - #ESASummerOnline
IW9CorNfu6M,3000,#ESASummer18 Speedruns - Hitman: Blood Money [Silent Assassin] by TheKotti
-cr6kOQhxX4,663,Watch&Run [Any% (v1.2.4)] by TheRedSock - #ESASummerOnline
CfT3F7otIOU,2499,Super Castlevania IV [Any%] by Tinnue - #ESASummer21
1lw5HfpdCuI,4631,Harry Potter and the Philosopher's Stone [Any%] by DylWingo - #ESASummerOnline
FBUUI2XJPAA,1831,"living alone diaries 🌱₊˚⊹ working on my small business, LA itinerary, malibu day trip, heatwave, etc"
Hyq9nQofrLc,906,Umihara Kawase [Longest Path] by NitrozSR - #ESASummer24
daLO__ACCAQ,2413,Viewfinder [Any% (2 Players 1 M&K)] by Monojira and Cropax - #ESASummer24
DtwLI6QpUco,6054,Nier Automata [Any%] by Kyoslilmonster - #ESASummerOnline
lVV-IPgXno0,3480,Spongebob Squarepants: Battle For Bikini Bottom [Any%] by Jackalacka - #ESASummerOnline
F6ZCStZNGsA,2086,Street Boyz [NG+ All Stages] by RebelDragon95 - #ESASummer24
iwV_QV2XhCI,3503,Deus Ex: Mankind Divided [Any%] by Heinki - #ESASummerOnline
TWawIXJQ1yk,1236,Chuckie Egg [Complete Level 16] by TinyTim78 - #ESASummer24
7ra890ujvzI,1168,Quake [Easy Run] by Elgu_ - #ESASummerOnline
tZwzq66luvA,1058,ICEY [NG+ Judas Ending] by AEtienne - #ESASummer24
3U7d58_E91A,3942,Ratchet & Clank: Going Commando [All Platinum Bolts] by SNEEPYY - #ESASummer25
OEV6_o5Tyog,3051,Spirit of the North [Any%] by TheRedSock - #ESASummerOnline
wBSqpNxtfLk,2001,Clustertruck [Twitch%] by Heinki - #ESASummer24
Fs5p73JWopI,3757,Super Mario 64 Archipelago [Ability Randomizer] by 360Chrism - #ESASummer24
KNzg5Ie1cxA,769,Rod Land [Any% Co-op] by Niss3 and JkL0ser - #ESASummer24
rWsXRzenFpE,6226,The Legend of Zelda: Skyward Sword [Any%] by Kitcot6 - #ESASummerOnline
AzE0N0kRDGY,3074,Diddy Kong Racing [Any%] by MrPonytale - #ESASummer24
AhbNMAJbpK8,13375,Old School Runescape [OSRS Bingo] by GiantClam and DaanSmoki - #ESASummer24
o7ODdU-3mzM,823,Yume Penguin Monogatari [Any%] by CartinaCow and EndySWE - #ESASummer24
C2-04i_zt9k,2501,Sonic Adventure DX: Director's Cut [Sonic's Story] by DreeGon - #ESASummer24
Bn9VOnpMEO8,3380,Shadow Warrior 3 [Any%] by 83kY - #ESASummer24
9oe2A2K9IIo,6687,Splatoon [All Scrolls (Dance Pad)] by PeekingBoo - #ESASummerOnline
UrHDvzgxIao,1647,Crypt of the NecroDancer: AMPLIFIED [Coda (All Zones)] by SpootyBiscuit - #ESASummerOnline
VAxNr82BodM,2302,"Mega Man 11 [Any% (Normal, No OoB)] by amad__ - #ESASummer21"
2w_CsUV1VMc,3426,You Are Empty [Any%] by Tezur0 - #ESASummerOnline
mCJrVmtfpqQ,4221,New Super Lucky's Tale [Any%] by KingjO444 - #ESASummerOnline
oaJ4fryq2fU,2145,Edna & Harvey: The Breakout - Anniversary Edition [Any%] by Racooze - #ESASummerOnline
SjoxaOKQs9s,5753,TrackMania² Canyon [All Flags] by Rasta - #ESASummerOnline
s4NxPCmIUUo,1327,The Outer Worlds [Any% (Sun Ending)] by NoobSalmon - #ESASummerOnline
z63CdtZoMjA,4763,Ratchet and Clank 2: Going Commando [All Platinum Bolts] by DylWingo - #ESASummerOnline
I4_IU7RAh2k,1184,Pieces [Easy-Hard (Controller)] by Apollo22237 - #ESASummer24
liDQNyuxsxQ,5947,Grand Poo World 3 (Super Mario Kaizo Hack) [Any%] by leys3r - #ESASummer24
WS3zqibbG3g,952,BLINDFOLDED Super Smash Bros. 64 [Break the Target (All Characters)] by Bubzia - #ESASummerOnline
uEbSw79qItM,989,Contra [Any%] by TheMexicanRunner - #ESASummerOnline
_2kTHiLNGFc,5799,Resident Evil 7 Biohazard [NG+] by moonrunesv2 - #ESASummerOnline
kJ4yh0lGadA,3201,Raskulls [Any%] by SteveTVOnline - #ESASummerOnline
O7OjuJ_yrhI,1710,Valley [All Suit Events] by TheRedSock - #ESASummerOnline
aQBrWgR0_RQ,945,Paris Marseille Racing [2P1C] by Shigan_ and linkboss - #ESASummer24
fE4ZeuIEs2g,2495,Pokémon Puzzle League [1P Stadium (Super Hard)] by TaymanND - #ESASummerOnline
QpuO8WYvhK0,355,ESA Summer Marathon 2022 24 - Skylar & Plux: Adventure on Clover Island [FR Restream]
GlLCALsOZJs,301,The Rescue of Princess Blobette [Any%] by Oh_DeeR - #ESASummer24
b6KFoiXtT_s,1602,"Goat Simulator [Trophies (Base Game, No Mutators)] by Maygikal - #ESASummerOnline"
36HYPJ7oDj0,1807,Sonic Robo Blast 2 [Sonic Any%] by Lemin and Refrag - #ESASummer24
mYy4lj0h64A,285,LEGO Harry Potter: The Battle for Hogwarts [Any%] by Oggyerino - #ESASummer24
HPNjnRIti_s,5453,Valkyria Chronicles [NG+] by sniperdog147 - #ESASummerOnline
gLa_NE2xots,6301,Resident Evil 4 (2023) [Any% (NG+)] by DaanSmoki - #ESASummer23
tfhqHxhNEk4,1690,A Bug's Life [Any%] by plywood_ - #ESASummerOnline
khgdIcAGCXA,1337,Dizzy: The Ultimate Cartoon Adventure [Any%] by DigitalDuck - #ESASummer21
JttkrJBP-k4,498,The Worlds Hardest Game [Any% (Flash)] by hsblue - #ESASummer24
QqZu_WZ0v3o,15179,The Legend of Zelda: Ocarina of Time [100%] by axellarsen - #ESASummer24
5XNMmD_GN9w,1510,Timeline [Any%] by havrd - #ESASummerOnline
hcc42dfRq00,1153,Alice in Wonderdream [Any%] by LattMackey - #ESASummerOnline
JsRgLHd1NnA,2716,Castlevania III: Dracula's Curse [Grant] by KutsuSheeta - #ESASummerOnline
ALKx55LTaxg,1391,Hitman: Blood Money [Showcase] by TheKotti - #ESASummer24
Un2dIscpNcw,3446,Hotline Miami 2: Wrong Number [Hard Mode] by jackyrite - #ESASummer24
68GEfP2Cm4g,4703,"South Park: Snow Day! [All Chapters] by texan_red_wolf, SweedOla and Streetbackguy - #ESASummer24"
jxyKfcffCEA,5792,Batman: Arkham City [Any%] by Xoneris - #ESASummerOnline
Hyq9nQofrLc,906,Umihara Kawase [Longest Path] by NitrozSR - #ESASummer24
djAHYBJJJhk,1336,GeoGuessr [Chatguessr] by havrd - #ESASummer21
ge0PS_9BjAo,3500,Soul of the Samurai [Any% True Ending] by vojtas131 and Aeshmah_ - #ESASummer24
VFZvjz_AOtw,1634,Jet Set Willy [Any%] by DigitalDuck - #ESASummerOnline
C4sJWOJrU0g,858,Pepsiman: The Forbidden Drink [All Endings] by UnFantasmaMas - #ESASummerOnline
pu9MvTmnvEU,1809,"Resogun [Acis-Mefitis (Any%, Experienced)] by Asuka424 - #ESASummerOnline"
-c3CPPjiwVc,1250,Rugrats: Adventures in Gameland [Any%] by ApolloSmug and JkL0ser - #ESASummer25
Z4QMsiYf_Hw,3203,Mario vs. Donkey Kong [Any%] by ViolinSR - #ESASummerOnline
Onxoo98RtlA,5661,Clock Tower 3 [Normal Mode] by DemonicRobots - #ESASummerOnline
hh_QE8KtojM,551,Wild Animal Sports Day [Any%] by epicdudeguy - #ESASummer21
aZ_EKcEJHlg,2018,Battletoads [Any% Warpless] by TheMexicanRunner - #ESASummerOnline
0Hi7BHz4IB0,1572,Refunct [All Main Categories (No Low%)] by sladke - #ESASummerOnline
fUA3GRdFjHw,1382,Bishoujo senshi sailor moon [Easy] by JkL0ser - #ESASummer24
XhITcOeExB0,6152,Fallout 3 [All DLCs] by NoobSalmon - #ESASummerOnline
JAvxFq0wrwA,3608,Sonic Mania [Sonic & Tails (Good Ending)] by Argick - #ESASummerOnline
UcWK7zUHlsY,3731,ActRaiser [Any%] by sYn - #ESASummer24
nxBCjbZZ6CE,2664,"Star Wars: Jedi Knight - Jedi Academy [Any% (No Stab Launch, Relay Race)] - #ESASummer21"
Z8dvc6JUjP8,4336,Tomb Raider [Any%] by Beckski93 - #ESASummerOnline
3x-J12eJrCs,6726,Star Wars Jedi: Fallen Order [Any%] by cageking2 - #ESASummer21
SW_-bakOwaI,3927,"Knytt Stories [Deep Freeze (Any%, No Major Skips)] by DonDoli - #ESASummerOnline"
hFt8yFEIrqY,935,Super C [Any%] by TypicalFantasyX - #ESASummer24
rhTqDa2sSWY,5313,Super Mario Bros. 3 [100% Coop] by Lui and AliceHK8 - #ESASummer24
YZBRqCIODPE,3232,Crash Nitro Kart [Any%] by hypnoshark - #ESASummerOnline
lMR8VCla1PQ,2597,Bluey: The Videogame [Any%] by hsblue - #ESASummer24
6qPWdJKtOtU,3047,Baldur's Gate 3 [Any% All Acts] by Chronos - #ESASummer24
q-dYjvB4miM,204,ESA Summer 2022 HEK block intro video with crowd reaction
FEabiuJ_rAE,2421,TrackMania [Training & Summer 2020] by Riolu - #ESASummerOnline
T26b5E441uU,3653,The Legend of Zelda: Breath of the Wild [Any% (Bug Limit)] by AEtienne - #ESASummer21
m2J52WZcXzo,2749,Funk Unplugged [Any%] by Kythol - #ESASummerOnline
CBIq5ghS85A,4695,Bloodborne [All Bosses] by Ahady - #ESASummerOnline
iWSjLFs4I9g,5297,Secret of Evermore [Any%] by colinbolts - #ESASummerOnline
OO8GZnJdv6E,2248,LEGO Star Wars: The Complete Saga (DS) [Any%] by LaserTrap_ - #ESASummerOnline
AelbzXvpEio,3527,Star Wars Battlefront II (Classic 2005) [Any% with bonuses] by CaptainEmu - #ESASummer24
6EhGNLR7izI,10527,Pokémon Platinum [Any%] by linewashere and Rubentus - #ESASummer24
wBSqpNxtfLk,2001,Clustertruck [Twitch%] by Heinki - #ESASummer24
ioM5SHPQajM,1102,Touhouvania 2 [Hard] by Shadax - #ESASummer24
DqfHsgqB_2o,957,"King's Quest VI: Heir Today, Gone Tomorrow [Any%] by Joka - #ESASummer24"
Un2dIscpNcw,3446,Hotline Miami 2: Wrong Number [Hard Mode] by jackyrite - #ESASummer24
uah1H82hSKo,4104,Dead Rising 2 [TimeSkip (NG)] by SweedOla - #ESASummer23
O_A8RP3zerk,2572,Dark Souls [Any%] by catalystz - #ESASummerOnline
Iwr48SYp85g,412,Takeshi's Challenge [Any%] by lucha_gym - #ESASummer24
BWyxd1tSE4c,2750,Final Fantasy Adventure [Any%] by BOWIEtheHERO - #ESASummerOnline
gx-2Af2psNY,723,Anger Foot (itch.io) [NG+] by sajiki - #ESASummer24
gdx1edQk0y4,2382,Biped [Any%] by SunnymuffinHS - #ESASummerOnline
BGKq1ZuuYe0,3121,Kingdom Hearts Birth by Sleep Final Mix HD [Ventus Critical Level 1 Any%] - #ESASummer24
4k6L3Vgypdk,1755,Batman: Arkham City [Any% (NG+)] by Xoneris - #ESASummer21
fvf1Proo3A0,6243,Grand Theft Auto: London 1969 [100%] by Tezur0 - #ESASummerOnline
Ze6dKGHxF8Y,1084,Super Mario Land [Any%] by R3TR0V3R5E - #ESASummerOnline
FMLQoPdDyvE,5914,Super Mario World [96 Exit] by akistolol - #ESASummerOnline
Amge6XjU7lI,2467,Grand Theft Auto IV [Most Wanted] by Makkebakke - #ESASummerOnline
pOfJdSIzGO0,1299,#ESASummer18 Speedruns - El Matador [Any%] by catalystz and havrd
C6NO0QzUyro,4270,Attack on Titan 2: Final Battle [Any% (Season 3)] by FroobMcGuffin - #ESASummerOnline
5DOx0EIbtIo,2260,Braid [6 Star] by Kanban85 - #ESASummerOnline
2ygHlL1WuiM,1081,Defy Gravity Extended [normal] by Velare_SR - #ESASummerOnline
_RbAH30qpHU,1363,Lemma [Any%] by Drunkenshoe - #ESASummerOnline
2u3wwqYQICE,5599,Devil May Cry 5 [Any% (Human)] by DECosmic - #ESASummerOnline
MIyzXCgrg3o,2691,Kubinashi Recollection [All Puzzle Pieces (New Game+)] by naro - #ESASummer24
tCJCE_0BAvk,2475,Viewtiful Joe [Any% (Kids)] by Crab\Milk\Mickey - #ESASummerOnline
FIpcsSzBjLY,2637,Dark Souls III [Any%] by Fudgecow - #ESASummerOnline
5L_QHgTHfvE,4035,Sonic the Hedgehog (2006) [Silver's Story (No MSG)] by FocusSight - #ESASummerOnline
8XUneVa6Z7Y,2023,New Super Mario Bros. 2 [Any%] by Javi - #ESASummerOnline
92WRdcFTtew,1741,Metroid Return to Zebes [100%] by LinkaMeister - #ESASummerOnline
XjpgguNJfyU,3756,Crash Team Racing [Any% (No Major Glitches)] by hypnoshark - #ESASummer24
sTCIQ920Ge0,4292,Billy Hatcher and the Giant Egg [Any%] by Kyrrone - #ESASummerOnline
u13UXnkGf78,2809,ESA Summer 2024 - PlayStation Nation Supercut
7g1JBhAEVh0,3706,ESA Summer 2026 DJ Night - Dralnah Set
ZVnPUtBCr9U,4575,Hyper Metroid [Any%] by LinkaMeister - #ESASummerOnline
48SKEHSKPlI,9846,Iran Street Food Is on Another Level! 🔥 Real Food Prices & Life Inside Iran
WgKIp85Ij_s,1376,Mega Man: Wily Wars [Wily Tower] by Jokaah - #ESASummerOnline
Kpk_QrbJtRk,1472,Mega Man [All Stages] by EndySWE - #ESASummerOnline
udq4sqL17p0,3583,Ratchet & Clank [All Gold Bolts] by SNEEPYY and xem92 - #ESASummer24
U5gKQZYZIvw,3042,Spongebob's Truth or Square [Any% (No LSG)] by jackalacka - #ESASummer21
PxN2-Dgkfb4,1460,Super Mario Bros. [Warpless] by SuperSonic71087 - #ESASummerOnline
uA0Uz7-u0DY,3418,MediEvil [Any%] by Jaxler1 - #ESASummerOnline
GfgeBR5zoEo,1166,Monster in My Pocket [Any%] by hirexen - #ESASummer24
Nqszd_HB4Tg,10690,Parasite Eve [New Game] by RJsmangit - #ESASummerOnline
9Mqxz8N-cG0,1113,Whipseey and the Lost Atlas [Any%] by MoD366 - #ESASummerOnline
wGIDr9MGsPQ,5332,The Legend of Zelda: Twilight Princess [All Fused Shadows] by Samura1man - #ESASummerOnline
YsDfq_CmKHg,1257,Super Mario 64 [16 Star] by Simply - #ESASummerOnline
kIJC87MFBb4,370,ESA summer 2017 submission - TrackMania Nations Forever White & Green Flag races
lMR8VCla1PQ,2597,Bluey: The Videogame [Any%] by hsblue - #ESASummer24
sOSn3BuFcYw,6001,Octopath Traveler II [Superboss] by Shemcat - #ESASummer23
qeF1sOiatmU,1577,Wave Race [800cc (National Circuit)] by YumeTsubasaCH - #ESASummerOnline
GEpPqndkW14,3262,"Spyro Reignited Trilogy [Any% (Spyro The Dragon, NBS)] by NostTW - #ESASummerOnline"
JttkrJBP-k4,498,The Worlds Hardest Game [Any% (Flash)] by hsblue - #ESASummer24
-FkcJB3v8dE,2191,Asghan: The Dragon Slayer [Any%] by havrd - #ESASummer19
UZlWE5ellnQ,1878,Legacy of Kain: Defiance [Any%] by Mekarazium - #ESASummerOnline
VgcIqsAj8dw,845,Kabuki Quantum Fighter [any%] by bassguy4 - #ESASummer24
_BXekw3vlVA,3111,Saturn Bomberman [Any% (Normal Mode)] by heyitsperk - #ESASummer21
7g1JBhAEVh0,3706,ESA Summer 2026 DJ Night - Dralnah Set
47WrsM-6FLI,820,Dark SASI [Any%] by Fudgecow - #ESASummerOnline
LKUUBk6xReA,1760,Snow Brothers [All Stages (1 Player)] by UnFantasmaMas - #ESASummerOnline
Wb54nb4cJZM,2354,World to the West [Any%] by SeductiveSpatula - #ESASummerOnline
WuWr56ge0QA,791,ESA summer 2017 submission - Tetris Attack V-Hard
FmsQgQMuY9M,13197,Pokémon Crystal [Randomizer (Battleships)] by 360Chrism and SheNanagans_ - #ESASummerOnline
irQKFbJc0G4,6511,South Park  The Stick of Truth - ESA Summer 2018
ebbaGqr1Wdw,1772,Bug Fables: The Everlasting Sapling [Any% (Unrestricted)] by Shigan_ - #ESASummer24
2XqqJe6Z0ho,3604,"Streets of Rage 4 [Arcade (Hardest, Sor3 Skate, S Rank)] by GreenalinkSDA - #ESASummerOnline"
b686aCCdaQk,306,ESA summer 2017 submission - N++ Solo Intro
ge0PS_9BjAo,3500,Soul of the Samurai [Any% True Ending] by vojtas131 and Aeshmah_ - #ESASummer24
Dd7VMyWEk0g,1300,U.N. Squadron [Any% Easy] by Sidarino - #ESASummerOnline
35QMLpQt46A,6087,Pokémon Sword / Shield [Tower of Two Fists (Good Ending)] by eddaket - #ESASummerOnline
hFt8yFEIrqY,935,Super C [Any%] by TypicalFantasyX - #ESASummer24
WT08ASPyuNM,3372,Devastation [Any%] by The__VK - #ESASummerOnline
Uvs2xdpIetY,5702,Sekiro: Shadows Die Twice [All (Mini-)Bosses] by danflesh111 - #ESASummerOnline
LqznkyAbIWU,1621,Bear Party: Adventure [Any%] by Timopy - #ESASummerOnline
l3iqXNHN2pM,3584,Metal Gear Solid 2: Substance [Any%] by MackMcD - #ESASummerOnline
JtrQWQA15jM,6279,Yoshi's New Island [Any%] by RDVvsTheWorld - #ESASummerOnline
Jydv3okG9iY,2834,Mega Man Xtreme 2 [100%] by FocusSight - #ESASummerOnline
NG6G91AUZPk,787,Ducktales 2 [Any% (easy)] by nintendonatalie - #ESASummer24
MV-2HflPXKs,13124,The Legend of Zelda Ocarina of Time Beta Quest [Battleship Bingo] by BaalNocturno - #ESASummer24
5-wllGqaNhM,2544,Spyro: Year of the Dragon [Any%] by Becci_chan - #ESASummerOnline
HYShftf3qaY,5142,Metal Gear Solid [All Bosses (Easy)] by dlimes13 - #ESASummerOnline
_A1xPhdCIMo,2355,The Swapper [Any%] by Zet - #ESASummerOnline
OsEOd1lIBo8,2197,Quake: Arcane Dimensions [Easy Run (Top Floor)] by Sphere - #ESASummer24
h5NqrUapg4k,1557,KAMIKO [Any% - Yamato] by cicada - #ESASummer21
jPJOZqYFYUQ,1345,Black Hills Flood: The Dam Wasn't the Disaster
K9GOoAKfBj0,5773,Wild Columbine Crochet Cardigan Tutorial | How to Crochet a Lightweight Summer Crochet Sweater
D2tz8qr_lSU,8149,Under New Management (2011 - 2017) - History in a Half-Shell
DyRIgbQIpgA,571,Space Quest II: Vohaul's Revenge [Any% No Cheat] by Joka - #ESASummer24
7PemDXyhZH8,1085,Risk of Rain [Any% (Monsoon)] by rythin_sr - #ESASummerOnline
CTdEp3i3p2k,1901,Bad Guys at School [All Missions] by lurven_ - #ESASummer24
yTXy7a_-x88,5866,Resident Evil 4 [Any% (Professional)] by Waifu - #ESASummerOnline
CahyZ-xo4yI,4795,TrackMania Nations Forever [All Flags (No E05)] by Wirtual - #ESASummerOnline
xmYrwveBpuc,1740,#ESASummer18 Speedruns - Tomb Raider: Anniversary [Any%] by Cadarev
rvjz_C22tBo,2059,Super Mario Bros. 2 [All Powerup Mushrooms] by Lui - #ESASummer24
2g8D6A9uo2M,2524,Layers of Fear [Any%] by Clendaria - #ESASummerOnline
Y9fQNqsf13g,3903,Rayman Origins [Any%] by koopsader - #ESASummer21
710HtEmQv-o,3200,Destruction Derby 2 [All Races (Stock Car)] by TweedyJono - #ESASummerOnline
seiv3mbKPwo,1060,Sea of Thieves [Heart of Fire Gauntlet] by micromads - #ESASummer24
dieI1xkmeeI,2966,Rockman 6: Unique Harassment [Any%] by Kuumba_ - #ESASummerOnline
XWBusbTNss8,1105,Slightly Magic [Complete the game] by tinytim78 - #ESASummer24
mjG__Z1b24U,525,ESA summer 2017 submission - Pokemon Puzzle League V-Hard
ihKfreAoBso,2513,Mega Man 2 Relay Race (any%) - #ESASummer24
h1i2PucdP7k,5289,Dissidia Final Fantasy [Any%] by Mizzow and staratar - #ESASummer24
initlItPIfo,708,DuckTales [Any%] by EndySWE - #ESASummerOnline
kURMZ-lbT-U,1833,Hades [Seeded AnyHeat (Routed)] by SatanIsAChillGuy - #ESASummer24
L45qN17h6A0,4693,Crash Twinsanity [100%] by Joester98 - #ESASummer22
zhsiZgfQnbI,4045,Hitman: Blood Money [All Achievements] by AlphaBrother - #ESAWinter24
S6scrO1v61Q,23139,The Lord of the Rings: The Third Age [Full Game Any% Glitchless] by Deano95HD - #ESASummer24
97oPRXB93n4,3337,Jak and Daxter: The Precursor Legacy (TeamRuns) [Co-op No LTS (Same Level)] - #ESASummer24
FMylpFRAJWs,3519,Awful Havrd Games [Showcase] by havrd - #ESASummerOnline
zhbJ1WYx2rE,893,Alone in the Dark [Any%] by Plastic_Rainbow - #ESASummerOnline
9D81eqh6Ne0,7231,Summer ESA Tournament Room: A Link To The Past Randomizer Tournament (Semifinals)
J6KShJ5Iofs,1489,Ratchet & Clank: Into The Nexus [NG+] by synn1_ - #ESASummer24
UwlvX_2Mjp8,4941,Grand Theft Auto III [Any%] by English_Ben - #ESASummer21
aCz27Ql7scA,12262,Elden Ring [2 Player 1 Controller Any% Randomizer] by catalystz and Puppery - #ESASummer24
yDNKs24PT8k,13239,The Legend of Zelda Ocarina of Time Beta Quest [Battleship Bingo] by Runnerguy2489 - #ESASummer24
RguAm5z7cTA,2901,Portal 2 [Solo Co-Op] by Msushi100 - #ESASummerOnline
qWbZ32mRMnY,913,Closing Speech [Any%] by Edenal and Fatzke - #ESASummer21
OLXAv_CrHCc,1764,Super Mario Sunburn [Any%] by Samura1man - #ESASummerOnline
08mbk3HeyA0,2002,Rocket Knight Adventures [Any% (Easy)] by Drakodan - #ESASummerOnline
JOHein8whQo,2591,Hitman: Blood Money speedrun - ESA Summer 2022
dKulNKkwIYQ,1827,Pokémon Blue [Any% (No Save Corruption)] by G3neziz - #ESASummerOnline
O3O3Ee5_XNY,14720,#ESASummer18 Speedruns - Grand Theft Auto IV [Any%] by KyleDoesIt
Cu9cdqrhgSs,5014,Super Mario Logic [Any%] by BigJon - #ESASummerOnline
iZyNa9jUIsk,3798,Essa TikTok comp | extra long | 1 hour of TikToks | none are mine
B_qoLQe8ngM,1086,EAT GIRL [Any%] by frozenflygone - #ESASummerOnline
s1jKSyj7WEc,2553,ESA Summer 2025 - PlayStation Nation Supercut
ZRtK-a6O3CQ,1215,Sonic Suggests [Any% Tutorial] by ChZdk and DreeGon - #ESASummer24
vSJEyi6-W3Q,1315,Ninja Combat [Easy Clear] by Riekelt - #ESASummerOnline
k-bih2_ywKg,1069,Yoshi's Story [Any% (JP)] by LoveBot - #ESASummerOnline
VdXfdXDzFKw,4609,Devil May Cry 3: Special Edition [Any% (Normal)] by Waifu - #ESASummerOnline
xLhun2NBUKU,1173,My Final Speedrun of NFS Heat! ESA Summer 2020 - Hard Any% w/ DLC (Highlights)
gLuth9hvZoA,19629,"ESA Summer 2026 submission. 4 man Zelda Multiworld. (Archipelago w/ Chrisoofy, Whitefire, Tompa.)"
ilvQH_T5oNw,13310,Pokémon Crystal [Manipless] by AEtienne - #ESASummer24
1_9Aybx0LS4,3059,Resident Evil 2 [Any% (Leon A)] by MattRPD - #ESASummerOnline
-UEY_uCeFhs,2620,Subnautica [Any%] by salvner - #ESASummer23
yjTySRhIQz0,1355,Sonic Adventure DX: Director's Cut [Amy's Story] by ChZdk - #ESASummer24
50oQHWo2MK8,3323,Mirror's Edge [Any%] - #ESASummer24
8d8N6L_WsIo,2102,Lara Croft and the Guardian of Light [Any% NG+] by RandomPinkBunny - #ESASummer24
ioM5SHPQajM,1102,Touhouvania 2 [Hard] by Shadax - #ESASummer24
btjT_spujdE,1591,BLINDFOLDED Ring Fit Adventure [Beat World 1 (Intensity 30)] by ventifer - #ESASummerOnline
43j9IDPB0ZM,4595,Mega Man X7 [Any% (NG)] by FocusSight - #ESASummerOnline
-YbT0ml0gjA,988,Obama [All Bosses] by CodeNameMeteor - #ESASummer24
O4sGzujLARk,2651,Prince of Persia [Any% (No Exit Glitch)] by LichtWirbelwind - #ESASummer23
sIcYDPE1ZII,2023,SKYGUNNER [Femme%] by quino_w - #ESASummer21
rhTqDa2sSWY,5313,Super Mario Bros. 3 [100% Coop] by Lui and AliceHK8 - #ESASummer24
5JVTXAZ-iTM,1238,Munch Mobile [Score Demonstration] by EeroKurkisuo - #ESASummerOnline
lfy78r0hgf0,763,ESA Summer 2019: フィナーレ
ee1gu2pbEoI,268,Opening Speech #ESASummer21
rRthcTIjeec,3305,Crash Bandicoot 2: Cortex Strikes Back [Any% Powermod] by Alaapo - #ESASummer24
P8Xrags-nVU,24257,Summer ESA Tournament Room: Final Fantasy XIII (Any% Relay Race) Team DS4 vs. Team XONE
egSMD-5D1S0,956,MASAGORO [Any%] by swordfish4649 - #ESASummer21
YahUfQf2A1c,4640,Mario Party 3 [Blindfolded Showdown Match] - #ESASummer23
hzF0lJEmaI0,3859,Furi [Speedrun Mode (Furier)] by AEtienne - #ESASummerOnline
TWawIXJQ1yk,1236,Chuckie Egg [Complete Level 16] by TinyTim78 - #ESASummer24
oP6PwIF6MVA,2369,Mega Man 5 [Any%] by prisiii3 - #ESASummer24
0nLPcaz3lyY,3978,Simon the Sorcerer [Any%] by Racooze - #ESASummerOnline
w1hNimeT9L0,195,SUMMER SESSION-ESA FINGERBOARD-2015
2VpygnSMzuE,3281,Saru Getchu: Saru Saru Daisakusen [Any%] by SRGTSilent - #ESASummerOnline
yVqiFUiU_7c,6879,Diddy Kong Racing [100%] by tridenttail - #ESASummerOnline
maUB9z6lBAw,1797,Marathon Speedrun #66 | ESA Summer 2023 | Sonic CD (2011) | Sonic Beat The Game Race vs @Argick
uUGMgyW9db0,1462,Ghosts 'n Goblins [Any% NES (2 loops)] by Laxxus - #ESASummer24
a2RmWQQxF0M,6802,Need for Speed Heat [Any% (w/ DLC)] by KuruHS - #ESASummerOnline
RgmSB-upH2A,155,ESA launches summer fire prevention campaign
OXskBb1M83Q,6638,"Bayonetta [Any% (Normal, No Infinite Flute Glitch)] by Galasrinie - #ESASummerOnline"
d44C703NrBc,17313,Final Fantasy X-2 - Any% Speedrun Race at ESA Summer 19
ZQ3qR3M-x78,2112,Tony Hawk's Underground 2 Speedrun - ESA Summer 2018
rQjoz1_f51k,2736,"Cuphead Low% (Expert, Current Patch) submission for ESA Summer 2019"
iKGWjI2RITE,1754,Sonic the Hedgehog 2 [Any% (Sonic)] by SuperSonic71087 - #ESASummerOnline
ZZLxlDRK8_8,2592,DOOM (2016) [Any%] by heny - #ESASummer21
3AR-6vg8M6E,830,Splash pad ! Elsa & Anna toddlers - surprise - water fun - games
4aQSAd6lsPQ,5107,#ESASummer18 - God of War [Any% (NG+)] - by ThaRixer
62tjHP6Qg5k,684,Magic Wand [Any%] by SarthTheSnek - #HEK20
d4noy74Dkyw,855,goodbye to all that (summer)
KXNUVwnCdbE,870,"Super Mario Bros.: The Lost Levels [Any% (8-4, Mario)] by Tecate - #ESASummerOnline"
wKemvKp0HxI,1722,#ESASummer18 - Crash Bandicoot 2: N-Tranced [Any%] by CDRomatron
Uo45bD0yw54,198,Basic Animation Design DKV Esa Unggul ( Summer secret and the Adventures of Chloe & Xavier )
1b7tEq3yMIg,1771,Tomb Raider: The Last Revelation [Any%] by Cadarev - #ESASummer24
5jCDdhepz_U,3332,Summer ESA Tournament Room - Super Mario Bros. Battle Royale
s9yjc5bHlZA,3711,1+ hour long essa TikTok comp | none are mine | credits to original owners | thanks for almost 1k!
WQtorg33AZI,6021,Tony Hawk's American Wasteland [Story Mode (Sick)] by English_Ben - #ESASummer21
M3y7kOGRdqk,2642,SSX 3 [All Single Events (Platinum)] by Daggy898 - #ESASummerOnline
SkVKdoN1icc,5421,"ELI Summer School Session 1: NEPA, ESA, and the Fundamentals of Environmental Law"
-jm7VRDyMQ0,3040,Wario Land 3 [Any%] by ToreLehmann - #ESASummerOnline
CaDvqy2trIM,160,ESA Productions - Summer 2013
G-se_pULJdA,43192,[Part 2/3] Final Fantasy IX [Vivi% (Solo Character Challenge)] by MrMizzow - #ESASummer25
3-Y_BtG8WWs,775,ESA Summer 2021 - Super Smash Bros. Melee от Bubzia за 11:02
bon-Z_DsOIY,12698,Pokémon Black [Any%] by Cosmolax - #ESASummerOnline
fe9GE0SaP6c,14485,Golden Sun [Any% (No S&Q)] by BOWIEtheHERO - #ESASummerOnline
iQQOmZi9Pvs,4573,ESA Summer 2018 FULL SCHEDULE REVEAL!
-ysSHKKKcyo,13169,Saint's Row [Any%] by Joe - #ESASummer21
uZ3_XrO41Fs,3418,Drome Racers Speedrun | All Challenges New Game+ | ESA Summer 2019 submission video
pvgkuDBx3zE,7734,Final Fantasy Crystal Chronicles [Any%] by Neviutz - #ESASummerOnline
3clJn4lI71Y,9272,Grand Theft Auto: Vice City All Missions Speedrun - ESA Summer 2022
9G4KvwaI8kc,786,Pool party ! Elsa & Anna toddlers - floaties - water splash - slides - Barbie dolls
z1-AzQmelok,1659,ESA Summer 2021 - Super Robo Blast 2 от Lemin за 24:10
Yy1H_kX-AJY,21223,Grand Theft Auto: San Andreas – The Definitive Edition [Any% (No Major Glitches)] - #ESAWinter22
jhZaIcfbVFY,9733,Crash Bandicoot 4: It's About Time [All Clear Gems] by CookieNaval - #ESAWinter23
f7sMTMmYK0o,17943,Final Fantasy XIII [Any%] by Kayarune - #ESASummerOnline
xsS26z5ouo0,3686,Yooka-Laylee and the Impossible Lair [24 Bees] by hedweg - #ESASummer24
w_dTCyqIYIw,261,Greenalink and Friends vs SMASHBOT x TASBOT Fox (ESA Summer 2023 - Super Smash Bros Melee highlight)
2vZCoxTetRE,1179,Dead Cells [Any% (Fresh File)] by Evian - #ESASummer23
sMR1kvD6BjY,3513,Mario Kart DS - 32 Tracks Speedrun in 56:11 - ESA Summer 2022
DT5vLX7R8Cs,3099,Evil Days of Luckless John [Any%] by vojtas131 - #ESASummer23
6EhGNLR7izI,10527,Pokémon Platinum [Any%] by linewashere and Rubentus - #ESASummer24
v_B3qkp4nO4,204,George Ezra - Shotgun (Official Lyric Video)
Ml2skfp6fuM,8781,Super Metroid and A Link to the Past Combo Randomizer [Co-op Randomizer] - #ESASummer24
mIovER1AOCo,2347,Spider-Man (2000) [Any% (Easy)] by Shemp - #ESASummer24
gQVBNO1pfNg,7229,Alice: Madness Returns [Any% (NG+)] by Z3phyR - #ESASummerOnline
DqfHsgqB_2o,957,"King's Quest VI: Heir Today, Gone Tomorrow [Any%] by Joka - #ESASummer24"
JwKKaPmCn7M,1367,Payday in Japan 🇯🇵 | A Simple Life & Homemade Ramen | Enjoying the Little Things
1KfnO5PfCiw,2435,"I wanna be the Boshy [Average-Mode any% (Dark Boshy, No Wrong Warp)] by BBF - #ESASummer24"
YTqNfQMZDCM,4940,#ESASummer18 Speedruns - Tomb Raider III: Adventures of Lara Croft [Any%] by eidgod
pQtM39ryBI0,170,Blameless [Any%] by praskOo_ - #HEK20
eTZOuWU9ktI,204,Berner - Somebody's Girl (feat. T3R Elemento) (Audio)
n2fLsxduKJ4,3885,ESA EU - Summer - Invite Series - 2. Forduló - WiLD MultiGaming vs. Elemento - 2. pálya
4Zd8qMYTqCI,17868,Grand Theft Auto: Vice City [100%] by Mhmd_FVC - #ESASummer21
ZZrr7M3RSYA,2143,Skull Island: Rise of Kong [All bosses] by SweedOla - #ESASummer24
G5MqbmutwCw,41305,Chaos of Song Blades S1‑2 | MULTI SUB
iCAIE1w9ZQI,741,MERMAID tails ! Elsa and Anna toddlers at beach - Ariel - sand - swim - floatie - water fun - splash
fCZVL_8D048,255,Master KG - Jerusalema  [Feat. Nomcebo] (Official Music Video)
bIzBb9w7DW4,3641,We Thought We Knew New Zealand Until We Drove here [S11-E24]
lLgUAnCsUtA,5318,ADIREN BRODY - She is buried alive with only 24 hours of air! ⌛THRILLER
gZ5EXQiklpA,7961,"Reborn on Wedding Day,He Reveals Wife's Affair,Takes Revenge And Build Billion Empire!"
nVClyZpU7A4,1172,Rocko's Quest [Any%] by NoseJones - #ESASummerOnline
2s7YWG7RCmQ,2397,Spyro the Dragon [Any% (TAS Reveal)] by WaffleWizard and toastedkat - #ESASummer23
esaKkAq6flE,8333,BL | His Abusive Father Hit Him at Thanksgiving—Then a Mafia Alpha Changed His Life #blstory
1I86MI6BQtE,1244,Fireboy & Watergirl Speedrun in 18:40 - ESA Summer 2023
xIkNah4VV4s,4491,God of War: Ghost of Sparta [Any% (NG+)] by SerSanju - #ESASummer23
hcNgXd_CN7k,1314,Testing Cheap vs. Expensive Summer Gadgets!
QmZUvXGhmL0,12184,[ENG SUB] A Villainess Who Wanted to Run — A Madman Who Wouldn't Let Go #minidrama
1npXqGpWIqI,1629,#ESASummer18 Speedruns - Adventure Island II [Any%] by TheMexicanRunner
PNk6kv67O8Q,3479,ESA Summer Marathon 2022 24 - Hades [PT Restream]
Z2M2WKKFkIE,1460,【DRAGON BALL LEGENDS】 LEGENDS INFORMATION Summer Edition
2OyP47fBf3Q,5730,GRAND FINAL! FUT vs Spirit | CS2 at EWC 26 - Grand Final - HIGHLIGHTS
M529Y3S7nvU,5330,ESA Summer 2019: The Binding of Isaac: Afterbirth+
7YPkiyxs9e8,3642,Asghan: The Dragon Slayer [Any%] by henyK - #HEK20
0oC307rSYKE,5893,Advance Wars: Dual Strike (Any% Skills) por SirFrozer - ESA Summer 2019
6Lc13t7MBi4,1657,"JORD on Collabing w/Vintage Culture, Portuguese vocals & First Ibiza Season | POWERTOOLS PODCAST"
CFPLIaMpGrY,212,Rauw Alejandro - Todo De Ti (Official Video)
9sg-A-eS6Ig,233,"Enrique Iglesias - SUBEME LA RADIO (Official Video) ft. Descemer Bueno, Zion & Lennox"
g0He2P-u4kk,1383,ESA Summer 2019: Kuso
g6--ux34bCU,6328,スパイロ・ザ・ドラゴン Any% (Crowd Control) | ESA Summer 2023
uM8GfZTat7o,921,Cameron Carr Just Did Something NO Lakers Rookie Has EVER Done Before...
szcLJ0A4QpM,1452,ESA Summer 2021 - Spyro the Dragon от Novaspell за 24:09 (официальный русcкий рестрим)
p38WgakuYDo,253,Bad Bunny - Moscow Mule (Official Video) | Un Verano Sin Ti
aLYEJhMExNY,20889,My Secret of Seer FULL SEASON (SUBT)
DxcJw9qX_lg,109,"Dance Moms: Full Dance: That Girl's Just Gotta be Kissed (S4, E22) | Lifetime"
gt_Oe2yGE4o,147,4 Raws
qOD9M95_fS0,300,GOODBYE YESTERDAY | Elevation Rhythm & Gracie Binion
ywMgj3DFrKI,963,Food Truck ! Elsa & Anna toddlers - park - pet dog - turtle
vNZeDGK68hE,3007,ESA Summer 2019: Clustertruck
fTE6ZEbEPIg,471,SUMMER REGGAETON 2026 🌴 Latin Beach Party & After Dark Mix
EPlIam2JWQE,1694,Mega Man: Dr Wily's Revenge [Any%] by Mannix86 - #ESASummer21
03mOp3KLy5w,10377,ESA Summer 2023 - Crash Bash 2v2 Tournament (Full VOD)
LVOnes8FHkE,2021,We Lived in an RV for 24 Hours!
cO8Lt7Y3rio,1991,"Micro Mages [Second Quest 4p coop] by Niss3, Joka, Fleke and Edenal - #ESASummer25"
iOe6dI2JhgU,289,Ricky Martin - Vente Pa' Ca (Official Video) ft. Maluma
APCZ8S9rSiQ,1484,VACACIONES DE VERANO EN EL PATIO DE MI CASA 🏡 CON MI REBORN TODDLER JOBRAYSA / RESORT
WsxD0n95X7o,1467,Back to school shopping ! Elsa & Anna toddlers - Barbie dolls - backpack - lunch bag #supplies
