slug,game,video_id,layout,players,estimate
2025-summer1,Jak and Daxter: The Precursor Legacy,kt6YrQUNj8s,4x3-1p,Sir_Jazzberry,3000
2025-summer1,Star Wars Jedi Knight: Jedi Academy,mXhGUq6K4Vk,16x9-1p,Laay,2400
2025-summer1,Halo: Reach,l01Pu8dOZTI,16x9-2p,"Seclusive, Sorix",5100
2025-summer1,League of Legends,xWmTFxOmXPQ,16x9-1p,AEtienne,1200
2025-summer1,Halo Infinite,_scTYuGX7RU,16x9-1p,caitbot,4620
2025-summer1,Sly 2: Band of Thieves,_0wZniSVBrc,16x9-1p,Slysonic,2100
2025-summer1,Borderlands 2,xSDQQIKILMU,16x9-2p,"Oggyerino, yisk",6600
2025-summer1,Pokémon Red,Qhtxtq48EVI,GB-1p,AEtienne,7200
2025-summer1,Paper Mario,2EZU3DovY_c,4x3-1p,JakeBopDart,8100
2025-summer1,Like A Dragon Gaiden: The Man Who Erased His Name,FrMeLapJh6o,16x9-1p,RebelDragon95,5700
2025-summer1,Jazzpunk,awjEG-rzwwM,16x9-1p,UselessBrit,1800
2025-summer1,Hades,m5xQjkUQuPk,16x9-1p,OckE,4800
2025-summer1,Skeleton Krew,l6R-JRTqz0E,4x3-1p,Joka,1200
2025-summer1,Snake Rattle 'n' Roll,S6j_KWIS5rg,4x3-1p,Dxtr,1080
2025-summer1,Contra,bUxWRxJ5YdM,,TypicalFantasyX,900
2025-summer1,The Simpsons: Bartman Meets Radioactive Man,u3vHLY33Q4g,4x3-1p,ApolloSmug,1260
2025-summer1,Data Man,yCZh6qXRJqs,4x3-2p,"Niss3, Fleke",1200
2025-summer1,Battletoads & Double Dragon,W9CMjYbtgOc,4x3-2p,"sYn, TypicalFantasyX",2100
2025-summer1,Tiny Toon Adventures,DAIX-SnENWI,4x3-1p,hirexen,1020
2025-summer1,Run Saber,Tc8qI-loMKE,4x3-2p,"sYn, TypicalFantasyX",1500
2025-summer1,Pilotwings,KCfPbuRW2-M,4x3-1p,Lucha_Gym,2100
2025-summer1,Metaphor: ReFantazio (Part 1),H9YeP6gP5aI,16x9-1p,Neviutz,11400
2025-summer1,The Elder Scrolls V: Skyrim + Glitch Exhibition,tqo5wMS3wL4,16x9-1p,pekkanen,7320
2025-summer1,Mort the Chicken,BfG8kboiaNQ,4x3-1p,SpaceLozzyCF,1860
2025-summer1,Crash Tag Team Racing,VSs27-8qCPQ,4x3-1p,hypnoshark,2400
2025-summer1,Super Metroid,Yd8EXjI3jb4,4x3-1p,DarkXoa,2820
2025-summer1,Uncharted 2: Among Thieves,wp460dP77SQ,16x9-1p,Shemp,8400
2025-summer1,Star Trek: Voyager - Elite Force,tbf8fEgn2JA,16x9-1p,Sphere,3300
2025-summer1,Resident Evil 5,8-xelsGZkCc,16x9-2p,"YatogamiNL, Smaclosa",1200
2025-summer1,Resident Evil 5,1Tor0x1MAu4,16x9-2p,"YatogamiNL, Smaclosa",7200
2025-summer1,Spyro 2: Ripto's Rage!,ivFOnyIOpn0,,DylanJayFox,1200
2025-summer1,Mega Man X7,j8yDIeWV9gg,16x9-1p,YatogamiNL,5400
2025-summer1,Golden Sun: The Lost Age,IQduicfdvh4,GB-1p,Neomatamune,9900
2025-summer1,Hollow Knight,VMWP2Uj0ntY,16x9-1p,azere,5400
2025-summer1,The Ratchet & Clank Trilogy,LamiIdFziBk,4x3-3p,"pentali, robo, Torrbullen",4500
2025-summer1,Mario Kart Wii,kZ1Ljl9jBGo,4x3-1p,Karhuma,4800
2025-summer1,Indiana Jones and the Great Circle,iVaV9XszVzY,16x9-1p,83kY,5100
2025-summer1,Final Fantasy VII,k5IA8jkJivk,4x3-1p,Zheal,21600
2025-summer1,Paper Mario: The Thousand Year Door,CNeb8BvpBXk,4x3-3p,"Alw0, JakeBopDart, Hackedia",10800
2025-summer1,Dragon Quest XI S,U95Yi1hdrJc,16x9-1p,sylwer,19800
2025-summer1,Harry Potter and the Chamber of Secrets,1zamczKmNtc,4x3-1p,5mon,6300
2025-summer1,Evergate,LPAhZHBe3_k,16x9-1p,SunnymuffinSR,2400
2025-summer1,Streets of Rage 2,GiiVY3FJFxM,4x3-1p,misternyanta,3300
2025-summer1,Super Mario Bros. 3,_tgVXFeQk18,4x3-1p,Rh4kor,3600
2025-summer1,Kingdom Hearts II,k0Pm51_UZ98,16x9-2p,MrMizzow vs. Staratar,9600
2025-summer1,Super Mario Odyssey,rb1l1QXEDXU,16x9-4p,"Dansta2106, Rodillo, TiloTech, The_H_Pandin",4200
2025-summer1,Psychonauts,A-KoLqe7hAI,16x9-1p,synn1_,2700
2025-summer1,Ocarina of Time in Minecraft,SAJsyAms2Ek,16x9-1p,Sajiki,6600
2025-summer1,Live,ejL75Cfs0y0,16x9-1p,Sajiki,540
2025-summer1,The Legend of Zelda: Ocarina of Time,5R2KAgCYtVc,4x3-1p,NalleSounds,5100
2025-summer1,Ratchet & Clank: Into The Nexus,kcg6sZkmUow,4x3-1p,synn1_,1800
2025-summer1,Ratchet: Deadlocked,1af2_2MEIDc,4x3-4p,"ItzScaRee, robo, Mucke1Man, AbyssToaster",3420
2025-summer1,Spyro: Year of the Dragon,m4WDugfJVoY,4x3-2p,"Shemp, DylanJayFox",4500
2025-summer1,Metaphor: ReFantazio (Part 2),Y_fGvAu33E4,16x9-1p,Neviutz,11700
2025-summer1,Skylanders: Spyro's Adventure (Wii/WiiU),H0H_nW1hETc,,rivertwentyfive,4200
2025-summer1,DreamWorks Dragons Dawn of New Riders,iYjBzHM7KnU,16x9-1p,MoD366,4200
2025-summer1,Total Overdose,ebIHF84EOHc,16x9-1p,zoton2,4200
2025-summer1,No One Lives Forever 2: A Spy in H.A.R.M.'s Way,OE0JLFiwHBo,16x9-1p,Vahisht,5400
2025-summer1,Psi-Ops: The Mindgate Conspiracy,28q-ShgVHQk,16x9-1p,Kainalo,2100
2025-summer1,Deus Ex: Invisible War,u6hZMdAFxJY,16x9-1p,SuiMachine,2160
2025-summer1,UFO 50,SIPuKNE08eY,16x9-1p,Flick,900
2025-summer1,UFO 50,farEfdYfjz8,16x9-1p,Flick,1200
2025-summer1,SaGa: Emerald Beyond,xCf8-mKMv70,16x9-1p,denhonator,7200
2025-summer1,Rocky (2002),q0s-HmPCT9I,16x9-1p,NilssonAlex92,3000
2025-summer1,Pokémon Sapphire,ffa701nop9I,GB-2p,"Alw0, BluMagma",8400
2025-summer1,Mirror's Edge,5kobBaZifmA,16x9-7p,"Myths, Sorix, SilverC, lurven, Baratdatwarat, Erisrine, Jackyrite",3000
2025-summer1,Marvel's Spider-Man: Miles Morales,cktKgRpStIQ,16x9-1p,RebelDragon95,8700
2025-summer1,Need For Speed: Carbon,0qnwQex2zbw,16x9-1p,Cousin,7200
2025-summer1,Looney Tunes Racing,JIea25-rcuI,4x3-1p,hypnoshark,2400
2025-summer1,"Haiku, the Robot",qITz7aR2518,16x9-1p,Xoneris,2100
2025-summer1,Daxter,JjR7jCHcBpA,4x3-1p,Noki Doki,11700
2025-summer1,Ratchet & Clank: Going Commando,3U7d58_E91A,4x3-1p,SNEEPYY,4500
2025-summer1,No Time To Explain Remastered,azQE7zyek0w,16x9-1p,WarDrums_,1500
2025-summer1,Secret Agent Clank,WK-97tjIz-g,4x3-1p,ItzScaRee,1080
2025-summer1,DKC X Mario,QhKcSMejMAE,4x3-1p,Rh4kor,2100
2025-summer1,Hitman: World of Assassination,mrcU5hTKowY,16x9-1p,havrd,4200
2025-summer1,VVVVVV,yZCtqX9RUTI,16x9-1p,Laxxus,1080
2025-summer1,Nightmare Busters,-4j1b8Tm4qQ,4x3-2p,"Lucha_Gym, ApolloSmug",1440
2025-summer1,Sonic Project '06,9Tk7haTo1kw,16x9-1p,Shemp,2520
2025-summer1,Spider-Man (2000),3vU2rLwzMgM,4x3-1p,Spyran,1800
2025-summer1,Spider-Man 2: Enter Electro,eAc0ujEpWo4,4x3-1p,Spyran,2040
2025-summer1,Spyro the Dragon,YIm99M1ptXE,4x3-1p,Anne_Chovy,1560
2025-summer1,Spyro the Dragon,tqJbVAbVIXo,4x3-3p,Composer vs. Dayoman vs. lumilaura,2700
2025-summer1,Looney Tunes: Space Race,eV4yKKDp5sg,4x3-1p,freezechamp,5700
2025-summer1,Flash Game Gauntlet 2,vjAKKDx9SYU,16x9-1p,ThaRixer & Friends,4800
2025-summer1,Dare to Dream,RvVjJsH9c9s,4x3-1p,TinyTim78,1800
2025-summer1,Marvel's Guardians of the Galaxy,sXCU7B2HTHc,16x9-1p,Kainalo,17700
2025-summer1,Tomb Raider Chronicles,hlSaZaEMqdQ,16x9-1p,Cadarev,3000
2025-summer1,Trials Rising,voDC2KruhPM,16x9-1p,Murtag,3600
2025-summer1,Dishonored + Honored,c549HSg6r2o,16x9-1p,lurven,1680
2025-summer1,Pokémon SoulSilver,zZQ774msB7Y,DS-1p,Alw0,9300
2025-summer1,Super Mario Galaxy 2,2S8NoXx9L8w,4x3-1p,Galaxtic,11400
2025-summer1,Castlevania,fPqoDKbnRio,4x3-1p,JkL0ser,900
2025-summer1,The Last Ninja,FdwXjGBcNuE,4x3-1p,JkL0ser,600
2025-summer1,Adventure of Bayou Billy,v9cW2iZTj3o,4x3-1p,JkL0ser,1500
2025-summer1,Plok,Pda3TeyOD5E,4x3-1p,Laxxus,2220
2025-summer1,Little Samson,opACiPuytW4,4x3-1p,Laxxus,1200
2025-summer1,Mighty Final Fight,iGFS6pkmoQI,4x3-1p,JkL0ser,1080
2025-summer1,Jackal,WeF00hBKXvE,4x3-2p,"sYn, TypicalFantasyX",900
2025-summer1,Inspector Gadget,FaV65hqR9GQ,4x3-1p,ApolloSmug,1380
2025-summer1,Skyblazer,Ouc21k9zh1I,4x3-1p,Laxxus,1800
2025-summer1,Rugrats: Adventures in Gameland,-c3CPPjiwVc,4x3-1p,"ApolloSmug, JkL0ser",720
2025-summer1,Widget,S4Ck_ozXS4g,4x3-1p,hirexen,720
2025-summer1,Ghoul School,EwjcyA2P9lc,4x3-2p,"JkL0ser, EndySWE",1200
2025-summer1,Gremlins 2: The New Batch,hPWI87IOy1A,4x3-2p,"EndySWE, hirexen",900
2025-summer1,River City Ransom,S_IJwLxKmVs,4x3-1p,Joka,600
2025-summer1,Spacegulls,zt80Xv7Ji5w,4x3-1p,JkL0ser,660
2025-summer1,Spartan X 2,3MOKSimIpNI,4x3-1p,hirexen,600
2025-summer1,Yolkfolk Rangers,TMrKQz8zBpo,,TinyTim78,1800
2025-summer1,NES Shuffler,1pKNFyimuxI,4x3-7p,"Gikkman, Laxxus, CartinaCow, Joka, hirexen, Dxtr, EndySWE",4800
2025-summer1,Vib-Ribbon,Ojw8U4me4EA,4x3-1p,Alaapo,1200
2025-summer1,Monster Racer,_yxUeMA95XM,4x3-2p,"IceN, ThaRixer",5700
2025-summer1,Call of Duty: Black Ops II Zombies,1_Vh-b1XKi0,16x9-1p,Huth,1500
2025-summer1,Gran Turismo,FcVzzIuT848,4x3-1p,Cousin,6120
2025-summer1,Crysis 2,TO2a8x2An0U,16x9-1p,SuiMachine,6900
2025-summer1,Digimon World 4,5A93nKsrFO4,4x3-2p,"NalleSounds, FantaTanked",13200
2025-summer1,Theatrhythm Final Bar Line,SD_7k7vOXF4,16x9-1p,Givra,1800
2025-summer1,Lil Gator Game,XhyOpFogGCM,16x9-1p,GreenSnowDog,1800
2025-summer1,Hotdog Samurai,6DpGEjMvOh4,16x9-1p,Aeshmah_,960
2025-summer1,Unreal,kz3yEoo-x48,16x9-1p,Myths,1980
2025-summer1,Vengeance Hunters,cm-Au5qN_2I,16x9-1p,GreenalinkSDA,2040
2025-summer1,Undertale,dgWN6DOiAbs,16x9-2p,"eden8, Galaxtic",8400
2025-summer1,Tomb Raider (2013),Od8FwpZPukc,16x9-1p,Cadarev,4800
2025-summer1,Skate 2,UCbdHyIdqzs,16x9-1p,RebelDragon95,2700
2025-summer1,QuizBOSH Extravaganza,PRbL3gSaSWg,16x9-1p,Toasty_Stoat,7200
2025-summer1,Dragon Ball Z: Budokai,fVYKEcinCa8,4x3-1p,ThaRixer,1800
2025-summer1,Super Metroid,ZqjRvGMwlJE,4x3-2p,"Gebbu, Timmon",2880
2025-summer1,Classic Mario Series,naeCyexuv6w,,ApolloSmug,7200
2025-summer1,Closing Speech,zY2gJ7A1UVc,,"Edenal, Planks",1800
2025-summer1,The end (for now..),,,Everyone,600
2025-summer2,Street Boyz,GF5eNjoyazM,4x3-1p,RebelDragon95,2100
2025-summer2,Splatter Master,09vdypqwu3M,4x3-1p,AbyssToaster,1080
2025-summer2,Ratchet & Clank Future: Tools of Destruction,JKYP9powhLA,4x3-1p,Torpadorp,9900
2025-summer2,Call of Duty: Modern Warfare 2 (2009),N4jmw4aWGDc,16x9-1p,Erisrine,3600
2025-summer2,We Love Katamari,pHfX2mWxLx4,4x3-1p,GreenSnowDog,4200
2025-summer2,Yu-Gi-Oh! Forbidden Memories,uStpbDllXDI,4x3-1p,DylanJayFox,9900
2025-summer2,End of Day 1,,,,34920
2025-summer2,Final Fantasy VII Rebirth,db2TT_hZBco,16x9-1p,desa35,22500
2025-summer2,Tetris Effect: Connected,16bCVa9LqVE,16x9-1p,JuZockt,2280
2025-summer2,Rift of the Necrodancer,xL5W7ExOPEQ,16x9-1p,OckE,3600
2025-summer2,HROT,adyYHQY8FYc,16x9-1p,SuiMachine,3420
2025-summer2,Quantum of Solace,US2u1hJj0PI,16x9-1p,Jackyrite,4200
2025-summer2,Lost Judgment,W5s-p1SyBp8,16x9-1p,RebelDragon95,9900
2025-summer2,End of Day 2,,,,34200
2025-summer2,"Ocarina of Time, Super Mario 64, Pokémon FireRed, Dark Souls 3",znWmlq9MNn8,16x9-4p,"NalleSounds, FantaTanked, AverageGreg, Dry4Haz",14400
2025-summer2,Go Go Ackman 3,4nzC7XargCw,4x3-1p,Rh4kor,1200
2025-summer2,Crash Team Racing + Spryo 2 Demo,sh9g5FoZtMs,4x3-1p,hypnoshark,8400
2025-summer2,Deadstorm Pirates,cCtsnJ3bhy0,4x3-1p,Murtag,1800
2025-summer2,Ghost of Tsushima: Director's Cut,CZqVE_klcrY,16x9-1p,Aeshmah_,11100
2025-summer2,Elden Ring,XmUC4YYe10U,16x9-2p,"catalystz, Puppery",7200
2025-summer2,End of Day 3,,,,36000
2025-summer2,The Stanley Parable: Ultra Deluxe,1DYgAd2R8hs,16x9-1p,duncte,3000
2025-summer2,Where's Waldo,wVOdIt8uE_M,4x3-2p,sYn vs. Joka,1200
2025-summer2,Wacky Races,gIkLxGZndvc,4x3-1p,hirexen,1380
2025-summer2,Gruniozerca 2 - The Great Cavy Rescue!,PpVKrYmthF8,4x3-1p,Gikkman,900
2025-summer2,Home Alone,wu4atybMpw8,4x3-1p,ApolloSmug,2100
2025-summer2,Home Alone 2,qGSMSA-9DyI,4x3-1p,nintendonatalie,1200
2025-summer2,Magical Pop'n,vjL_H1g8G_M,4x3-1p,Laxxus,2100
2025-summer2,Micro Mages,cO8Lt7Y3rio,4x3-1p,Niss3,1500
2025-summer2,Boardland,JEkGlOInHtA,,Kixyxox,900
2025-summer2,Streets of Rage 4,9-4FahuCF2I,16x9-1p,GreenalinkSDA,3900
2025-summer2,Cyberpunk 2077,tputxKwe23M,16x9-1p,Sothangel,9000
2025-summer2,In Sound Mind,Ne95iSmVhPw,16x9-1p,ItzScaRee,3600
2025-summer2,Spyro 2: Ripto's Rage!,biRln0sPb84,4x3-1p,Bradley_Gam1ng,6300
2025-summer2,Astro Bot,DdBl6jz5XUg,16x9-1p,DreeGon,9000
2025-summer2,End of Day 4,,,,28620
2025-summer2,Star Wars: Battlefront II (2005),bqhIw-fM9EI,16x9-1p,CaptainEmu,4200
2025-summer2,Pong: The Next Level,Fn_rqzdvRQU,4x3-1p,RipperRooTMUF,1920
2025-summer2,Hogwarts Legacy,tQ_iIh5KkeM,16x9-1p,WarDrums_,13800
2025-summer2,Deus Ex: Mankind Divided,Fx8J6X9ea6A,16x9-1p,Vahisht,3000
2025-summer2,Hitman: Blood Money,Bira_G128KM,16x9-1p,TheKotti,2700
2025-summer2,Neo Mario Galaxy,o6IGzUydaDw,4x3-1p,SNRobi,3300
2025-summer2,The Legend of Spyro: The Eternal Night,5VsYmTeBcio,4x3-1p,isakiBV,3600
2025-summer2,Clair Obscur: Expedition 33,FZvEv8yjBtY,16x9-1p,Aeshmah_,8400
2025-summer2,End of Day 5,,,,33780
2025-summer2,Final Fantasy IX - Part 1 - Part 2 - Part 3,ry-HgNxCysM,4x3-1p,MrMizzow,86399
2025-summer2,End of Stream 2,,,,600
